Location,Name,Frequency,Duplex,Offset,Tone,rToneFreq,cToneFreq,DtcsCode,DtcsPolarity,RxDtcsCode,CrossMode,Mode,TStep,Skip,Power,Comment,URCALL,RPT1CALL,RPT2CALL,DVCODE
0,SR0CK,439.062500,-,7.600000,,88.5,77.0,023,NN,023,Tone->Tone,FM,5.00,,50W,Serock,,,,
1,SR0DN,439.512500,-,7.600000,,88.5,77.0,023,NN,023,Tone->Tone,FM,5.00,,50W,"Wola Rebkowska",,,,
2,SR0DZ,439.537500,-,7.600000,,88.5,88.5,023,NN,023,Tone->Tone,FM,5.00,,50W,Serock,,,,
3,SR0WW,438.825000,-,7.600000,Tone,82.5,82.5,023,NN,023,Tone->Tone,FM,5.00,,50W,Wolin,,,,
4,SR1ASR,438.625000,-,7.600000,,88.5,88.5,023,NN,023,Tone->Tone,DV,5.00,,50W,Szczecin,,,,
5,SR1CH,145.787500,+,293.712500,Tone,82.5,82.5,023,NN,023,Tone->Tone,FM,5.00,,50W,Czartoryja,,,,
6,SR1CZ,438.712500,-,7.600000,,88.5,82.5,023,NN,023,Tone->Tone,FM,5.00,,50W,Czaplinek,,,,
7,SR1D,145.612500,-,0.600000,Tone,77.0,77.0,023,NN,023,Tone->Tone,FM,5.00,,50W,Debno,,,,
8,SR1DMR,145.750000,-,0.600000,,88.5,88.5,023,NN,023,Tone->Tone,DV,5.00,,50W,Polanow,,,,
9,SR1G,145.625000,-,0.600000,,88.5,88.5,023,NN,023,Tone->Tone,FM,5.00,,50W,Kolobrzeg,,,,
10,SR1K,145.700000,-,0.600000,Tone,82.5,82.5,023,NN,023,Tone->Tone,FM,5.00,,50W,Stargard,,,,
11,SR1KG,439.225000,-,7.600000,,88.5,88.5,023,NN,023,Tone->Tone,DV,5.00,,50W,Kolobrzeg,,,,
12,SR1KN,438.675000,-,7.600000,,88.5,88.5,023,NN,023,Tone->Tone,FM,5.00,,50W,"Koszalin Gora Chelmska - wieza widokowa",,,,
13,SR1LS,1298.300000,-,28.000000,,88.5,88.5,023,NN,023,Tone->Tone,FM,5.00,,50W,Szczecin,,,,
14,SR1N,145.675000,-,0.600000,,88.5,88.5,023,NN,023,Tone->Tone,FM,5.00,,50W,Koszalin,,,,
15,SR1P,145.725000,-,0.600000,,88.5,88.5,023,NN,023,Tone->Tone,FM,5.00,,50W,Postomino,,,,
16,SR1RE,439.150000,-,7.600000,,88.5,88.5,023,NN,023,Tone->Tone,FM,5.00,,50W,Resko,,,,
17,SR1RG,438.875000,-,7.600000,Tone,82.5,82.5,023,NN,023,Tone->Tone,FM,5.00,,50W,Trzebiatow,,,,
18,SR1S,145.775000,-,0.600000,Tone,82.5,82.5,023,NN,023,Tone->Tone,FM,5.00,,50W,Szczecin,,,,
19,SR1SZ,439.075000,-,7.600000,Tone,82.5,82.5,023,NN,023,Tone->Tone,FM,5.00,,50W,Szczecin,,,,
20,SR1TET,431.625000,-,1.600000,,88.5,88.5,023,NN,023,Tone->Tone,DV,5.00,,50W,Stargard,,,,
21,SR1TS,29.670000,-,0.100000,Tone,82.5,82.5,023,NN,023,Tone->Tone,FM,5.00,,50W,Szczecin,,,,
22,SR1UVH,439.025000,-,7.600000,,88.5,88.5,023,NN,023,Tone->Tone,DV,5.00,,50W,Swinoujscie,,,,
23,SR1UVS,439.412500,-,7.600000,,88.5,88.5,023,NN,023,Tone->Tone,DV,5.00,,50W,Szczecin,,,,
24,SR1UVS,1298.800000,-,28.000000,,88.5,88.5,023,NN,023,Tone->Tone,DV,5.00,,50W,,,,,
25,SR1UVX,439.387500,-,7.600000,,88.5,88.5,023,NN,023,Tone->Tone,DV,5.00,,50W,Stargard,,,,
26,SR1W,145.612500,-,0.600000,,88.5,88.5,023,NN,023,Tone->Tone,DV,5.00,,50W,Swinoujscie,,,,
27,SR1W,145.612500,-,0.600000,Tone,82.5,82.5,023,NN,023,Tone->Tone,FM,5.00,,50W,Swinoujscie,,,,
28,SR1WA,439.400000,-,7.600000,Tone,82.5,82.5,023,NN,023,Tone->Tone,FM,5.00,,50W,Walcz,,,,
29,SR1WAD,438.650000,-,7.600000,,88.5,88.5,023,NN,023,Tone->Tone,DV,5.00,,50W,Walcz,,,,
30,SR1WOY,438.625000,-,7.600000,,88.5,88.5,023,NN,023,Tone->Tone,DV,5.00,,50W,"Dworcowa 10 Kolobrzeg Polska",,,,
31,SR1WR,438.687500,-,7.600000,,88.5,88.5,023,NN,023,Tone->Tone,DV,5.00,,50W,Ryman,,,,
32,SR1WR,439.050000,-,7.600000,,88.5,88.5,023,NN,023,Tone->Tone,DV,5.00,,50W,Ryman,,,,
33,SR1WU,438.725000,-,7.600000,Tone,82.5,82.5,023,NN,023,Tone->Tone,FM,5.00,,50W,Swinoujscie,,,,
34,SR1WX,439.200000,-,7.600000,Tone,82.5,82.5,023,NN,023,Tone->Tone,FM,5.00,,50W,Stargard,,,,
35,SR1YWX,439.262500,-,7.600000,,88.5,88.5,023,NN,023,Tone->Tone,DV,5.00,,50W,Stargard,,,,
36,SR1Z,145.637500,-,0.600000,Tone,82.5,82.5,023,NN,023,Tone->Tone,FM,5.00,,50W,"Kolowo EMITEL",,,,
37,SR1ZDR,438.312500,-,7.600000,,88.5,88.5,023,NN,023,Tone->Tone,DV,5.00,,50W,"Kalisz Pomorski",,,,
38,SR1ZK-B,439.300000,-,7.600000,,88.5,88.5,023,NN,023,Tone->Tone,DV,5.00,,50W,Kolowo,,,,
39,SR1ZW,438.837500,-,7.600000,,88.5,88.5,023,NN,023,Tone->Tone,DV,5.00,,50W,Swinoujscie,,,,
40,SR23BN,1298.175000,-,28.000000,Tone,71.9,88.5,023,NN,023,Tone->Tone,FM,5.00,,50W,Bedzin,,,,
41,SR23CM,1298.100000,-,28.000000,,88.5,88.5,023,NN,023,Tone->Tone,FM,5.00,,50W,Skrzyczne,,,,
42,SR2BC,439.287500,-,7.600000,,88.5,88.5,023,NN,023,Tone->Tone,DV,5.00,,50W,Bydgoszcz,,,,
43,SR2BD,439.000000,-,7.600000,,88.5,88.5,023,NN,023,Tone->Tone,DV,5.00,,50W,Bydgoszcz,,,,
44,SR2BG,145.725000,-,0.600000,Tone,67.0,67.0,023,NN,023,Tone->Tone,FM,5.00,,50W,Bydgoszcz,,,,
45,SR2BT,439.100000,-,7.600000,Tone,77.0,77.0,023,NN,023,Tone->Tone,FM,5.00,,50W,"Bory Tucholskie",,,,
46,SR2BW,438.700000,-,7.600000,,88.5,88.5,023,NN,023,Tone->Tone,FM,5.00,,50W,"Bytow - komin cieplowni Veolia Polnoc",,,,
47,SR2BY,438.725000,-,7.600000,,88.5,67.0,023,NN,023,Tone->Tone,FM,5.00,,50W,Bydgoszcz,,,,
48,SR2C,145.600000,-,0.600000,Tone,94.8,94.8,023,NN,023,Tone->Tone,FM,5.00,,50W,"Chwaszczyno EMITEL",,,,
49,SR2D,145.750000,-,0.600000,,88.5,88.5,023,NN,023,Tone->Tone,DV,5.00,,50W,Gdansk,,,,
50,SR2DCH,438.387500,-,7.600000,,88.5,88.5,023,NN,023,Tone->Tone,DV,5.00,,50W,Czluchow,,,,
51,SR2DMR,439.312500,-,7.600000,,88.5,88.5,023,NN,023,Tone->Tone,DV,5.00,,50W,"Szubin - Jablowo Paluckie / wieza p.poz",,,,
52,SR2DMR-C,439.562500,-,7.600000,,88.5,88.5,023,NN,023,Tone->Tone,DV,5.00,,50W,"Szubin - Jablowo Paluckie / wieza p.poz",,,,
53,SR2EL,439.550000,-,7.600000,Tone,94.8,94.8,023,NN,023,Tone->Tone,FM,5.00,,50W,Elblag,,,,
54,SR2FM,439.537500,-,7.600000,Tone,74.4,74.4,023,NN,023,Tone->Tone,FM,5.00,,50W,"Szubin - Jablowo Paluckie / wieza p.poz",,,,
55,SR2G,145.700000,-,0.600000,,88.5,88.5,023,NN,023,Tone->Tone,DV,5.00,,50W,Gdansk,,,,
56,SR2GA,438.975000,-,7.600000,Tone,94.8,94.8,023,NN,023,Tone->Tone,FM,5.00,,50W,Wladyslawowo,,,,
57,SR2GD,439.075000,-,7.600000,Tone,94.8,94.8,023,NN,023,Tone->Tone,FM,5.00,,50W,Gdansk,,,,
58,SR2GD,439.062500,-,7.600000,,88.5,88.5,023,NN,023,Tone->Tone,DV,5.00,,50W,Gdansk,,,,
59,SR2GD-C,439.087500,-,7.600000,Tone,94.8,94.8,023,NN,023,Tone->Tone,FM,5.00,,50W,Gdansk,,,,
60,SR2GDA,439.350000,-,7.600000,Tone,94.8,94.8,023,NN,023,Tone->Tone,FM,5.00,,50W,"Smetowo Graniczne",,,,
61,SR2GDD,438.287500,-,7.600000,,88.5,88.5,023,NN,023,Tone->Tone,DV,5.00,,50W,Gdansk,,,,
62,SR2GN,439.325000,-,7.600000,Tone,94.8,94.8,023,NN,023,Tone->Tone,FM,5.00,,50W,"Gniewino - Wieza widokowa",,,,
63,SR2GR,439.200000,-,7.600000,,88.5,94.8,023,NN,023,Tone->Tone,FM,5.00,,50W,Grudziadz,,,,
64,SR2GRU,145.687500,-,0.600000,,88.5,94.8,023,NN,023,Tone->Tone,FM,5.00,,50W,Grudziadz,,,,
65,SR2GS,438.550000,-,7.600000,Tone,94.8,94.8,023,NN,023,Tone->Tone,FM,5.00,,50W,Chwaszczyno,,,,
66,SR2GT,439.025000,-,7.600000,Tone,94.8,94.8,023,NN,023,Tone->Tone,FM,5.00,,50W,"Chwaszczyno EMITEL",,,,
67,SR2IN,438.237500,-,7.600000,,88.5,88.5,023,NN,023,Tone->Tone,DV,5.00,,50W,Inowroclaw,,,,
68,SR2J,145.587500,-,0.600000,Tone,74.4,74.4,023,NN,023,Tone->Tone,FM,5.00,,50W,"Szubin - Jablowo Paluckie / wieza p.poz",,,,
69,SR2JJ,439.162500,-,7.600000,Tone,74.4,74.4,023,NN,023,Tone->Tone,FM,5.00,,50W,"Szubin - Jablowo Paluckie / wieza p.poz",,,,
70,SR2K,145.712500,-,0.600000,Tone,88.5,88.5,023,NN,023,Tone->Tone,FM,5.00,,50W,Torun,,,,
71,SR2KU,439.425000,-,7.600000,Tone,94.8,94.8,023,NN,023,Tone->Tone,FM,5.00,,50W,Wiezyca,,,,
72,SR2KY,439.250000,-,7.600000,Tone,88.5,88.5,023,NN,023,Tone->Tone,FM,5.00,,50W,Kwidzyn,,,,
73,SR2MAL,439.062500,-,7.600000,,88.5,88.5,023,NN,023,Tone->Tone,DV,5.00,,50W,Malbork,,,,
74,SR2OK,438.875000,-,7.600000,,88.5,88.5,023,NN,023,Tone->Tone,DV,5.00,,50W,"Gdynia-Oksywie EMITEL",,,,
75,SR2OX,439.475000,-,7.600000,,88.5,88.5,023,NN,023,Tone->Tone,DV,5.00,,50W,Gdynia,,,,
76,SR2PA,439.300000,-,7.600000,Tone,94.8,94.8,023,NN,023,Tone->Tone,FM,5.00,,50W,Paslek,,,,
77,SR2PB,145.737500,-,0.600000,Tone,88.5,88.5,023,NN,023,Tone->Tone,FM,5.00,,50W,Brodnica,,,,
78,SR2R,145.650000,-,0.600000,Tone,67.0,67.0,023,NN,023,Tone->Tone,FM,5.00,,50W,Inowroclaw,,,,
79,SR2RR,438.662500,-,7.600000,,88.5,67.0,023,NN,023,Tone->Tone,FM,5.00,,50W,Inowroclaw,,,,
80,SR2SL,438.750000,-,7.600000,,88.5,88.5,023,NN,023,Tone->Tone,FM,5.00,,50W,Slupsk,,,,
81,SR2SWR,438.775000,-,7.600000,Tone,88.5,88.5,023,NN,023,Tone->Tone,FM,5.00,,50W,Torun,,,,
82,SR2T,145.775000,-,0.600000,,88.5,88.5,023,NN,023,Tone->Tone,FM,5.00,,50W,Torun,,,,
83,SR2UVF,438.937500,-,7.600000,,88.5,88.5,023,NN,023,Tone->Tone,DV,5.00,,50W,Bydgoszcz,,,,
84,SR2UVG,438.837500,-,7.600000,Tone,94.8,88.5,023,NN,023,Tone->Tone,DV,5.00,,50W,"Chwaszczyno EMITEL",,,,
85,SR2UVG-B,438.687500,-,7.600000,,88.5,88.5,023,NN,023,Tone->Tone,DV,5.00,,50W,"Chwaszczyno EMITEL",,,,
86,SR2UVO,438.962500,-,7.600000,,88.5,88.5,023,NN,023,Tone->Tone,DV,5.00,,50W,Wloclawek,,,,
87,SR2UVT-C,145.662500,-,0.600000,,88.5,88.5,023,NN,023,Tone->Tone,DV,5.00,,50W,Tuchola,,,,
88,SR2UVV-B,439.362500,-,7.600000,,88.5,88.5,023,NN,023,Tone->Tone,DV,5.00,,50W,"Szubin - Jablowo Paluckie / wieza p.poz",,,,
89,SR2VV,439.137500,-,7.600000,Tone,74.4,74.4,023,NN,023,Tone->Tone,FM,5.00,,50W,Szubin,,,,
90,SR2VV-B,145.750000,-,0.600000,Tone,74.4,88.5,023,NN,023,Tone->Tone,DV,5.00,,50W,Szubin,,,,
91,SR2VVV,439.337500,-,7.600000,,88.5,88.5,023,NN,023,Tone->Tone,DV,5.00,,50W,Szubin,,,,
92,SR2VVV-B,438.812500,-,7.600000,,88.5,88.5,023,NN,023,Tone->Tone,DV,5.00,,50W,Szubin,,,,
93,SR2W,439.025000,-,7.600000,,88.5,82.5,023,NN,023,Tone->Tone,FM,5.00,,50W,Wloclawek,,,,
94,SR2WE,439.225000,-,7.600000,,88.5,88.5,023,NN,023,Tone->Tone,DV,5.00,,50W,Wejherowo,,,,
95,SR2WL,439.025000,-,7.600000,,88.5,82.5,023,NN,023,Tone->Tone,FM,5.00,,50W,Wloclawek,,,,
96,SR2Z,145.650000,-,0.600000,Tone,94.8,94.8,023,NN,023,Tone->Tone,FM,5.00,,50W,"Gdynia-Oksywie EMITEL",,,,
97,SR3A,145.662500,-,0.600000,Tone,79.7,79.7,023,NN,023,Tone->Tone,FM,5.00,,50W,"RTCN Jemiolow/Lagow maszt EmiTel",,,,
98,SR3DAB,438.575000,-,7.600000,,88.5,88.5,023,NN,023,Tone->Tone,DV,5.00,,50W,Zalesie,,,,
99,SR3DAB,439.575000,-,7.600000,,88.5,88.5,023,NN,023,Tone->Tone,DV,5.00,,50W,Zalesie,,,,
100,SR3DAB,439.050000,-,7.600000,,88.5,88.5,023,NN,023,Tone->Tone,DV,5.00,,50W,Zalesie,,,,
101,SR3DGW,438.550000,-,7.600000,,88.5,88.5,023,NN,023,Tone->Tone,DV,5.00,,50W,"Gorzow Wielkopolski",,,,
102,SR3DJ,438.125000,-,7.600000,,88.5,88.5,023,NN,023,Tone->Tone,DV,5.00,,50W,"RTCN Jemiolow/Lagow maszt EmiTel",,,,
103,SR3DKA,438.400000,-,7.600000,,88.5,88.5,023,NN,023,Tone->Tone,DV,5.00,,50W,Kalisz,,,,
104,SR3DMR,145.612500,-,0.600000,,88.5,88.5,023,NN,023,Tone->Tone,DV,5.00,,50W,Poznan,,,,
105,SR3DOS,438.287500,-,7.600000,,88.5,88.5,023,NN,023,Tone->Tone,DV,5.00,,50W,"Ostrow Wielkopolski",,,,
106,SR3DRW,438.337500,-,7.600000,,88.5,88.5,023,NN,023,Tone->Tone,DV,5.00,,50W,Rawicz,,,,
107,SR3DSE,438.737500,-,7.600000,,88.5,88.5,023,NN,023,Tone->Tone,DV,5.00,,50W,Srem,,,,
108,SR3DZG,438.962500,-,7.600000,,88.5,88.5,023,NN,023,Tone->Tone,DV,5.00,,50W,"Zielona Gora",,,,
109,SR3G,145.750000,-,0.600000,Tone,77.0,77.0,023,NN,023,Tone->Tone,FM,5.00,,50W,"Gorzow Wielkopolski",,,,
110,SR3GO,439.175000,-,7.600000,,88.5,77.0,023,NN,023,Tone->Tone,FM,5.00,,50W,"Gorzow Wielkopolski",,,,
111,SR3GW,438.950000,-,7.600000,,88.5,77.0,023,NN,023,Tone->Tone,FM,5.00,,50W,"Gorzow Wielkopolski - lokalny",,,,
112,SR3J,439.500000,-,7.600000,Tone,79.7,79.7,023,NN,023,Tone->Tone,FM,5.00,,50W,"RTCN Jemiolow/Lagow maszt EmiTel",,,,
113,SR3JA,438.975000,-,7.600000,Tone,110.9,110.9,023,NN,023,Tone->Tone,FM,5.00,,50W,"Jarocin ul. Kosciuszki 43",,,,
114,SR3JX,439.250000,-,7.600000,,88.5,88.5,023,NN,023,Tone->Tone,DV,5.00,,50W,"RTCN Jemiolow/Lagow maszt EmiTel",,,,
115,SR3K,145.750000,-,0.600000,,88.5,88.5,023,NN,023,Tone->Tone,FM,5.00,,50W,Kalisz,,,,
116,SR3KA,439.375000,-,7.600000,,88.5,88.5,023,NN,023,Tone->Tone,DV,5.00,,50W,Kaszczor,,,,
117,SR3KEP,438.437500,-,7.600000,,88.5,103.5,023,NN,023,Tone->Tone,FM,5.00,,50W,Kepno,,,,
118,SR3KH,438.800000,-,7.600000,,88.5,88.5,023,NN,023,Tone->Tone,FM,5.00,,50W,"Kolo - ZST",,,,
119,SR3KH,438.312500,-,7.600000,,88.5,88.5,023,NN,023,Tone->Tone,DV,5.00,,50W,Kolo,,,,
120,SR3KHA,438.312500,-,7.600000,,88.5,88.5,023,NN,023,Tone->Tone,DV,5.00,,50W,"62-600 Kolo ul. Dabrowskiego 7",,,,
121,SR3KRZ,438.687500,-,7.600000,,88.5,88.5,023,NN,023,Tone->Tone,DV,5.00,,50W,Krzemieniewo,,,,
122,SR3L,145.775000,-,0.600000,Tone,103.5,103.5,023,NN,023,Tone->Tone,FM,5.00,,50W,Leszno,,,,
123,SR3LS,439.275000,-,7.600000,Tone,103.5,103.5,023,NN,023,Tone->Tone,FM,5.00,,50W,Leszno,,,,
124,SR3LW,439.125000,-,7.600000,Tone,110.9,110.9,023,NN,023,Tone->Tone,FM,5.00,,50W,Lwowek,,,,
125,SR3MDV,439.575000,-,7.600000,,88.5,88.5,023,NN,023,Tone->Tone,DV,5.00,,50W,,,,,
126,SR3MDW,439.225000,-,7.600000,Tone,103.5,103.5,023,NN,023,Tone->Tone,FM,5.00,,50W,Leszno,,,,
127,SR3N,145.687500,-,0.600000,Tone,110.9,110.9,023,NN,023,Tone->Tone,FM,5.00,,50W,Pila,,,,
128,SR3O,145.725000,-,0.600000,,88.5,103.5,023,NN,023,Tone->Tone,FM,5.00,,50W,"Ostrow Wielkopolski",,,,
129,SR3OS,439.300000,-,7.600000,Tone,103.5,103.5,023,NN,023,Tone->Tone,FM,5.00,,50W,"Ostrow Wielkopolski",,,,
130,SR3OW,439.050000,-,7.300000,,88.5,88.5,023,NN,023,Tone->Tone,FM,5.00,,50W,"Ostrow Wielkopolski",,,,
131,SR3P,145.650000,-,0.600000,Tone,110.9,110.9,023,NN,023,Tone->Tone,FM,5.00,,50W,"Poznan - Debiec",,,,
132,SR3PB,438.875000,-,7.600000,Tone,110.9,110.9,023,NN,023,Tone->Tone,FM,5.00,,50W,Pobiedziska,,,,
133,SR3PI,439.050000,-,7.600000,,88.5,67.0,023,NN,023,Tone->Tone,FM,5.00,,50W,Pila,,,,
134,SR3PO,1298.400000,-,28.000000,,88.5,88.5,023,NN,023,Tone->Tone,FM,5.00,,50W,Poznan,,,,
135,SR3PO,439.200000,-,7.600000,Tone,110.9,110.9,023,NN,023,Tone->Tone,FM,5.00,,50W,Poznan,,,,
136,SR3PX,438.900000,-,7.600000,Tone,110.9,110.9,023,NN,023,Tone->Tone,FM,5.00,,50W,Slomowo,,,,
137,SR3RR,438.825000,-,7.600000,Tone,103.5,103.5,023,NN,023,Tone->Tone,FM,5.00,,50W,Rawicz,,,,
138,SR3SN,439.100000,-,7.600000,,88.5,100.0,023,NN,023,Tone->Tone,FM,5.00,,50W,Swiebodzin,,,,
139,SR3T,145.637500,-,0.600000,Tone,110.9,110.9,023,NN,023,Tone->Tone,FM,5.00,,50W,Malanow,,,,
140,SR3TU,439.150000,-,7.600000,,88.5,88.5,023,NN,023,Tone->Tone,FM,5.00,,50W,Turek,,,,
141,SR3UVJ,438.412500,-,7.600000,,88.5,88.5,023,NN,023,Tone->Tone,DV,5.00,,50W,"RTCN Jemiolow/Lagow maszt EmiTel",,,,
142,SR3UVJ,438.412500,-,7.600000,,88.5,88.5,023,NN,023,Tone->Tone,DV,5.00,,50W,"RTCN Jemiolow/Lagow maszt EmiTel",,,,
143,SR3UVL,439.237500,-,7.600000,,88.5,88.5,023,NN,023,Tone->Tone,DV,5.00,,50W,Leszno,,,,
144,SR3UVP,439.437500,-,7.600000,,88.5,88.5,023,NN,023,Tone->Tone,DV,5.00,,50W,Poznan,,,,
145,SR3WT,439.325000,-,7.600000,Tone,110.9,110.9,023,NN,023,Tone->Tone,FM,5.00,,50W,Wolsztyn,,,,
146,SR3X,145.762500,-,0.600000,Tone,110.9,110.9,023,NN,023,Tone->Tone,FM,5.00,,50W,Poznan,,,,
147,SR3XX,439.025000,-,7.600000,Tone,110.9,110.9,023,NN,023,Tone->Tone,FM,5.00,,50W,Poznan,,,,
148,SR3XXX,438.700000,-,7.600000,Tone,110.9,110.9,023,NN,023,Tone->Tone,FM,5.00,,50W,"RTCN Poznan/Srem maszt EmiTel adres Gora 42 kolo Sremu",,,,
149,SR3Z,145.712500,-,0.600000,Tone,71.9,71.9,023,NN,023,Tone->Tone,FM,5.00,,50W,"Zielona Gora",,,,
150,SR3ZBZ,438.362500,-,7.600000,,88.5,88.5,023,NN,023,Tone->Tone,DV,5.00,,50W,Chodziez,,,,
151,SR3ZF,1298.500000,-,28.000000,,88.5,88.5,023,NN,023,Tone->Tone,FM,5.00,,50W,"Zielona Gora",,,,
152,SR3ZG,439.075000,-,7.600000,Tone,203.5,203.5,023,NN,023,Tone->Tone,FM,5.00,,50W,"Zielona Gora",,,,
153,SR3ZJ,438.750000,-,7.600000,Tone,79.7,79.7,023,NN,023,Tone->Tone,FM,5.00,,50W,"RTCN Jemiolow/Lagow maszt EmiTel",,,,
154,SR3ZX,439.350000,-,7.600000,,88.5,88.5,023,NN,023,Tone->Tone,DV,5.00,,50W,"Zielona Gora",,,,
155,SR4ALL,430.975000,+,7.600000,Tone,67.0,67.0,023,NN,023,Tone->Tone,DV,5.00,,50W,Zabrowo,,,,
156,SR4AUU,439.337500,-,7.600000,Tone,67.0,67.0,023,NN,023,Tone->Tone,FM,5.00,,50W,Augustow,,,,
157,SR4AUV,145.687500,-,0.600000,Tone,67.0,67.0,023,NN,023,Tone->Tone,FM,5.00,,50W,KO13MV,,,,
158,SR4BA,438.537500,-,7.600000,,88.5,67.0,023,NN,023,Tone->Tone,FM,5.00,,50W,Bartoszyce,,,,
159,SR4BAU,438.362500,-,7.600000,,88.5,88.5,023,NN,023,Tone->Tone,DV,5.00,,50W,Augustow,,,,
160,SR4BI,438.462500,-,7.600000,Tone,67.0,67.0,023,NN,023,Tone->Tone,FM,5.00,,50W,Juchnowiec,,,,
161,SR4BIA,439.250000,-,7.600000,,88.5,88.5,023,NN,023,Tone->Tone,DV,5.00,,50W,Bialystok,,,,
162,SR4BK,438.925000,-,7.600000,,88.5,88.5,023,NN,023,Tone->Tone,FM,5.00,,50W,"Bialystok Politechnika Bialostocka",,,,
163,SR4BL,438.600000,-,7.600000,Tone,67.0,67.0,023,NN,023,Tone->Tone,FM,5.00,,50W,Lomza,,,,
164,SR4BS,439.025000,-,7.600000,Tone,67.0,67.0,023,NN,023,Tone->Tone,FM,5.00,,50W,Bialystok,,,,
165,SR4BSK,438.487500,-,7.600000,,88.5,88.5,023,NN,023,Tone->Tone,DV,5.00,,50W,Sokolka,,,,
166,SR4C4FM,432.575000,,0.000000,,88.5,88.5,023,NN,023,Tone->Tone,DV,5.00,,50W,Bialystok,,,,
167,SR4D,145.787500,-,0.600000,Tone,67.0,67.0,023,NN,023,Tone->Tone,FM,5.00,,50W,"Milki k/Gizycka  EMITEL",,,,
168,SR4DG,438.862500,-,7.600000,,88.5,88.5,023,NN,023,Tone->Tone,DV,5.00,,50W,"Gora Dylewska EMITEL",,,,
169,SR4DGD,438.250000,-,7.600000,,88.5,88.5,023,NN,023,Tone->Tone,DV,5.00,,50W,"Gora Dylewska EMITEL",,,,
170,SR4DGT,438.575000,-,7.600000,Tone,67.0,67.0,023,NN,023,Tone->Tone,FM,5.00,,50W,"Gora Dylewska EMITEL",,,,
171,SR4DM,438.300000,-,7.600000,,88.5,67.0,023,NN,023,Tone->Tone,FM,5.00,,50W,"Dobre Miasto",,,,
172,SR4DMR,438.612500,-,7.600000,,88.5,88.5,023,NN,023,Tone->Tone,FM,5.00,,50W,Elk,,,,
173,SR4DX,439.500000,-,7.600000,,88.5,88.5,023,NN,023,Tone->Tone,DV,5.00,,50W,Paslek,,,,
174,SR4EL,439.050000,-,7.600000,Tone,94.8,94.8,023,NN,023,Tone->Tone,FM,5.00,,50W,Elblag,,,,
175,SR4FSK,439.525000,-,7.600000,,88.5,88.5,023,NN,023,Tone->Tone,DV,5.00,,50W,Grajewo,,,,
176,SR4H,439.237500,-,7.600000,Tone,67.0,67.0,023,NN,023,Tone->Tone,FM,5.00,,50W,Hajnowka,,,,
177,SR4J,145.625000,-,0.600000,Tone,67.0,67.0,023,NN,023,Tone->Tone,FM,5.00,,50W,"Gora Dylewska EMITEL",,,,
178,SR4KT,439.275000,-,7.600000,,88.5,88.5,023,NN,023,Tone->Tone,DV,5.00,,50W,Ketrzyn,,,,
179,SR4L,438.100000,-,7.600000,,88.5,88.5,023,NN,023,Tone->Tone,DV,5.00,,50W,Lomza,,,,
180,SR4LDG,1298.200000,-,28.000000,Tone,67.0,67.0,023,NN,023,Tone->Tone,FM,5.00,,50W,"Gora Dylewska EMITEL",,,,
181,SR4LG,438.725000,-,7.600000,Tone,67.0,67.0,023,NN,023,Tone->Tone,FM,5.00,,50W,Gielczyn,,,,
182,SR4LIN,438.650000,-,7.600000,,88.5,88.5,023,NN,023,Tone->Tone,DV,5.00,,50W,Jerzwald,,,,
183,SR4LM,1298.600000,-,28.000000,,88.5,88.5,023,NN,023,Tone->Tone,FM,5.00,,50W,"Milki k/Gizycka EMITEL",,,,
184,SR4LO,439.100000,-,7.600000,Tone,67.0,67.0,023,NN,023,Tone->Tone,FM,5.00,,50W,"Lomza - maszt",,,,
185,SR4LU,439.375000,-,7.600000,,88.5,67.0,023,NN,023,Tone->Tone,FM,5.00,,50W,Lubawa,,,,
186,SR4M,145.600000,-,0.600000,Tone,67.0,67.0,023,NN,023,Tone->Tone,FM,5.00,,50W,"Milki k/Gizycka  EMITEL",,,,
187,SR4MI,438.750000,-,7.600000,Tone,67.0,67.0,023,NN,023,Tone->Tone,FM,5.00,,50W,"Milki k/Gizycka EMITEL",,,,
188,SR4MID,438.225000,-,7.600000,,88.5,88.5,023,NN,023,Tone->Tone,DV,5.00,,50W,"Milki k/Gizycka EMITEL",,,,
189,SR4MIT,438.525000,-,7.600000,,88.5,88.5,023,NN,023,Tone->Tone,DV,5.00,,50W,"Milki k/Gizycka EMITEL",,,,
190,SR4MO,438.450000,-,7.600000,,88.5,67.0,023,NN,023,Tone->Tone,FM,5.00,,50W,Morag,,,,
191,SR4MR,439.150000,-,7.600000,Tone,67.0,67.0,023,NN,023,Tone->Tone,FM,5.00,,50W,"Mragowo - wieza cisnien wodociagow",,,,
192,SR4MWO,438.150000,-,7.600000,Tone,67.0,67.0,023,NN,023,Tone->Tone,FM,5.00,,50W,Mragowo,,,,
193,SR4O,145.725000,-,0.600000,Tone,67.0,88.5,023,NN,023,Tone->Tone,FM,5.00,,50W,Olsztyn,,,,
194,SR4OE,439.400000,-,7.600000,,88.5,88.5,023,NN,023,Tone->Tone,DV,5.00,,50W,Olecko,,,,
195,SR4OEX,145.687500,-,0.600000,,88.5,67.0,023,NN,023,Tone->Tone,FM,5.00,,50W,Olecko,,,,
196,SR4ON,438.675000,-,7.600000,Tone,67.0,67.0,023,NN,023,Tone->Tone,FM,5.00,,50W,Olsztyn,,,,
197,SR4OND,438.500000,-,7.600000,,88.5,88.5,023,NN,023,Tone->Tone,DV,5.00,,50W,Olsztyn,,,,
198,SR4ONT,438.275000,-,7.600000,,88.5,88.5,023,NN,023,Tone->Tone,DV,5.00,,50W,Olsztyn,,,,
199,SR4ONX,438.950000,-,7.600000,,88.5,88.5,023,NN,023,Tone->Tone,FM,5.00,,50W,Olsztyn,,,,
200,SR4OS,438.400000,-,7.600000,,88.5,67.0,023,NN,023,Tone->Tone,FM,5.00,,50W,Ostroda,,,,
201,SR4PA,439.000000,-,7.600000,Tone,94.8,94.8,023,NN,023,Tone->Tone,FM,5.00,,50W,"Paslek pow. elblaski",,,,
202,SR4PA,145.775000,-,0.600000,Tone,94.8,94.8,023,NN,023,Tone->Tone,FM,5.00,,50W,Paslek,,,,
203,SR4PL,439.575000,-,9.400000,Tone,67.0,67.0,023,NN,023,Tone->Tone,FM,5.00,,50W,"Podlesna 66",,,,
204,SR4RS,145.700000,-,0.600000,Tone,67.0,67.0,023,NN,023,Tone->Tone,FM,5.00,,50W,Bialystok,,,,
205,SR4S,145.575000,-,0.600000,Tone,67.0,67.0,023,NN,023,Tone->Tone,FM,5.00,,50W,Sokolka,,,,
206,SR4SA,439.375000,-,7.600000,Tone,67.0,67.0,023,NN,023,Tone->Tone,FM,5.00,,50W,Sokolka,,,,
207,SR4SN,438.875000,-,7.600000,,88.5,67.0,023,NN,023,Tone->Tone,FM,5.00,,50W,Szczytno,,,,
208,SR4ST,439.200000,-,7.600000,Tone,67.0,67.0,023,NN,023,Tone->Tone,FM,5.00,,50W,Skitlawki,,,,
209,SR4SU,438.800000,-,7.600000,Tone,67.0,67.0,023,NN,023,Tone->Tone,FM,5.00,,50W,Jeleniewo,,,,
210,SR4SUU,438.900000,-,7.600000,,88.5,88.5,023,NN,023,Tone->Tone,FM,5.00,,50W,"Suwalki ul. Mickiewicza 15",,,,
211,SR4SUW,434.700000,,0.000000,,88.5,67.0,023,NN,023,Tone->Tone,FM,5.00,,50W,Suwalki,,,,
212,SR4SW,439.325000,-,7.600000,,88.5,88.5,023,NN,023,Tone->Tone,FM,5.00,,50W,Swietajno,,,,
213,SR4SWE,439.450000,-,7.600000,,88.5,88.5,023,NN,023,Tone->Tone,DV,5.00,,50W,Swietajno,,,,
214,SR4T,145.762500,-,0.600000,Tone,94.8,94.8,023,NN,023,Tone->Tone,FM,5.00,,50W,Turcz,,,,
215,SR4U,145.725000,-,0.600000,,88.5,88.5,023,NN,023,Tone->Tone,FM,5.00,,50W,Bialystok,,,,
216,SR4UBI,439.425000,-,7.600000,,88.5,88.5,023,NN,023,Tone->Tone,DV,5.00,,50W,Bialystok,,,,
217,SR4UG,438.775000,-,7.600000,,88.5,88.5,023,NN,023,Tone->Tone,DV,5.00,,50W,Giby,,,,
218,SR4UVD,439.512500,-,7.600000,,88.5,88.5,023,NN,023,Tone->Tone,DV,5.00,,50W,"Gora Dylewska EMITEL",,,,
219,SR4UVE,438.600000,-,7.600000,,88.5,94.8,023,NN,023,Tone->Tone,FM,5.00,,50W,Paslek,,,,
220,SR4UVM,439.487500,-,7.600000,,88.5,88.5,023,NN,023,Tone->Tone,DV,5.00,,50W,"Milki k/Gizycka  EMITEL",,,,
221,SR4UVN,439.462500,-,7.600000,,88.5,88.5,023,NN,023,Tone->Tone,DV,5.00,,50W,Olsztyn,,,,
222,SR4WA,438.125000,-,7.600000,Tone,67.0,67.0,023,NN,023,Tone->Tone,FM,5.00,,50W,Wawrowice,,,,
223,SR4X,145.600000,-,0.600000,,88.5,67.0,023,NN,023,Tone->Tone,FM,5.00,,50W,Juchnowiec,,,,
224,SR5AWK,431.612500,,0.000000,,88.5,88.5,023,NN,023,Tone->Tone,DV,5.00,,50W,Warszawa,,,,
225,SR5CI,438.437500,-,7.600000,,88.5,127.3,023,NN,023,Tone->Tone,FM,5.00,,50W,Ciechanow,,,,
226,SR5DMR,438.212500,-,7.600000,,88.5,88.5,023,NN,023,Tone->Tone,DV,5.00,,50W,"06-461 Koziczyn 46",,,,
227,SR5DMRC,145.637500,-,0.600000,,88.5,88.5,023,NN,023,Tone->Tone,DV,5.00,,50W,"06-461 Koziczyn 46",,,,
228,SR5DV,145.587500,-,0.600000,Tone,127.3,127.3,023,NN,023,Tone->Tone,FM,5.00,,50W,,,,,
229,SR5DVR,439.362500,-,7.600000,,88.5,88.5,023,NN,023,Tone->Tone,DV,5.00,,50W,"RADOM - maszt Emitel",,,,
230,SR5E,439.375000,-,7.600000,,88.5,127.3,023,NN,023,Tone->Tone,FM,5.00,,50W,Warszawa-Ochota,,,,
231,SR5ECHO,439.150000,,0.000000,,88.5,88.5,023,NN,023,Tone->Tone,FM,5.00,,50W,Warszawa,,,,
232,SR5ECHO,145.700000,,0.000000,,88.5,88.5,023,NN,023,Tone->Tone,FM,5.00,,50W,WARSZAWA,,,,
233,SR5FUS,438.150000,-,7.600000,,88.5,88.5,023,NN,023,Tone->Tone,DV,5.00,,50W,Radom,,,,
234,SR5FWG,438.250000,-,7.600000,Tone,127.3,127.3,023,NN,023,Tone->Tone,FM,5.00,,50W,Garwolin,,,,
235,SR5GM,439.225000,-,7.600000,Tone,127.3,127.3,023,NN,023,Tone->Tone,FM,5.00,,50W,"Grodzisk Mazowiecki",,,,
236,SR5GR,438.800000,-,7.600000,Tone,127.3,127.3,023,NN,023,Tone->Tone,FM,5.00,,50W,"GROJEC ul. PILSUDSKIEGO 6",,,,
237,SR5ID,439.037500,-,7.600000,Tone,127.3,127.3,023,NN,023,Tone->Tone,FM,5.00,,50W,Kuflew,,,,
238,SR5KAB,439.400000,-,7.600000,,88.5,88.5,023,NN,023,Tone->Tone,DV,5.00,,50W,Warszawa,,,,
239,SR5KO,439.200000,-,7.600000,Tone,118.8,118.8,023,NN,023,Tone->Tone,FM,5.00,,50W,Kozienice,,,,
240,SR5KP,29.680000,-,0.100000,Tone,127.3,127.3,023,NN,023,Tone->Tone,FM,5.00,,50W,"Moszna-Parcela komin Elektrocieplowni Pruszkow II",,,,
241,SR5KPN,438.200000,-,7.600000,Tone,127.3,127.3,023,NN,023,Tone->Tone,FM,5.00,,50W,Zamczysko,,,,
242,SR5LOM,1298.400000,-,28.000000,,88.5,88.5,023,NN,023,Tone->Tone,FM,5.00,,50W,Lomianki,,,,
243,SR5LW,1298.100000,-,28.000000,,88.5,88.5,023,NN,023,Tone->Tone,FM,5.00,,50W,Pruszkow,,,,
244,SR5MDV,438.887500,-,7.600000,,88.5,88.5,023,NN,023,Tone->Tone,DV,5.00,,50W,"Minsk Mazowiecki",,,,
245,SR5MM,438.950000,-,7.600000,Tone,127.3,127.3,023,NN,023,Tone->Tone,FM,5.00,,50W,"Minsk Mazowiecki",,,,
246,SR5MS,438.812500,-,7.600000,,88.5,88.5,023,NN,023,Tone->Tone,DV,5.00,,50W,"Nowy Dwor Mazowiecki",,,,
247,SR5ND,439.425000,-,7.600000,Tone,127.3,127.3,023,NN,023,Tone->Tone,FM,5.00,,50W,"Nowy Dwor Mazowiecki",,,,
248,SR5NRD,438.975000,-,7.600000,,88.5,127.3,023,NN,023,Tone->Tone,FM,5.00,,50W,Cybulin,,,,
249,SR5O,145.675000,-,0.600000,Tone,127.3,127.3,023,NN,023,Tone->Tone,FM,5.00,,50W,Ostroleka,,,,
250,SR5OK,439.262500,-,7.600000,,88.5,88.5,023,NN,023,Tone->Tone,FM,5.00,,50W,Kadzidlo,,,,
251,SR5OMZ,145.737500,-,0.600000,,88.5,88.5,023,NN,023,Tone->Tone,DV,5.00,,50W,Ciechanow,,,,
252,SR5OS,439.050000,-,7.600000,,88.5,67.0,023,NN,023,Tone->Tone,FM,5.00,,50W,Ostroleka,,,,
253,SR5P,145.725000,-,0.600000,,88.5,127.3,023,NN,023,Tone->Tone,FM,5.00,,50W,Plock,,,,
254,SR5PL,439.125000,-,7.600000,,88.5,127.3,023,NN,023,Tone->Tone,FM,5.00,,50W,Plock,,,,
255,SR5PLZ,439.387500,-,7.600000,,88.5,88.5,023,NN,023,Tone->Tone,DV,5.00,,50W,Plock,,,,
256,SR5PN,145.662500,-,0.600000,,88.5,127.3,023,NN,023,Tone->Tone,FM,5.00,,50W,Plonsk,,,,
257,SR5POT,439.150000,-,7.600000,Tone,127.3,127.3,023,NN,023,Tone->Tone,FM,5.00,,50W,"Warszawa - Kaweczyn",,,,
258,SR5PR,439.175000,-,7.600000,,88.5,88.5,023,NN,023,Tone->Tone,FM,5.00,,50W,Pruszkow,,,,
259,SR5QDMR,438.525000,-,7.600000,,88.5,88.5,023,NN,023,Tone->Tone,DV,5.00,,50W,Siedlce,,,,
260,SR5R,145.600000,-,0.600000,,88.5,127.3,023,NN,023,Tone->Tone,FM,5.00,,50W,Pruszkow,,,,
261,SR5RA,438.925000,-,7.600000,Tone,118.8,118.8,023,NN,023,Tone->Tone,FM,5.00,,50W,Radom,,,,
262,SR5RAD,145.787500,-,0.600000,Tone,118.8,118.8,023,NN,023,Tone->Tone,FM,5.00,,50W,"RADOM - maszt Emitel",,,,
263,SR5RK,438.750000,-,7.600000,Tone,118.8,118.8,023,NN,023,Tone->Tone,FM,5.00,,50W,"Kozlowiec - Przysucha RTCN",,,,
264,SR5RR,439.275000,-,7.600000,Tone,127.3,127.3,023,NN,023,Tone->Tone,FM,5.00,,50W,"Warszawa - Mokotow ul. Iberyjska",,,,
265,SR5S,145.612500,-,0.600000,Tone,127.3,127.3,023,NN,023,Tone->Tone,FM,5.00,,50W,Siedlce,,,,
266,SR5SE,438.750000,-,7.600000,Tone,127.3,127.3,023,NN,023,Tone->Tone,FM,5.00,,50W,Siedlce,,,,
267,SR5SQ,438.987500,-,7.600000,,88.5,88.5,023,NN,023,Tone->Tone,DV,5.00,,50W,"Krze Duze",,,,
268,SR5U,145.775000,-,0.600000,,88.5,88.5,023,NN,023,Tone->Tone,FM,5.00,,50W,"Warszawa Ursus",,,,
269,SR5UOS,438.912500,-,7.600000,,88.5,88.5,023,NN,023,Tone->Tone,DV,5.00,,50W,Ostroleka,,,,
270,SR5UR,439.300000,-,7.600000,,88.5,127.3,023,NN,023,Tone->Tone,FM,5.00,,50W,"Warszawa Ursus",,,,
271,SR5UVA,439.437500,-,7.600000,,88.5,88.5,023,NN,023,Tone->Tone,DV,5.00,,50W,"Warszawa - komin EC Kaweczyn",,,,
272,SR5UVR,438.525000,-,7.600000,,88.5,88.5,023,NN,023,Tone->Tone,DV,5.00,,50W,Radom,,,,
273,SR5VW,438.825000,-,7.600000,Tone,67.0,67.0,023,NN,023,Tone->Tone,FM,5.00,,50W,"Rozan EMITEL",,,,
274,SR5W,145.750000,-,0.600000,Tone,127.3,127.3,023,NN,023,Tone->Tone,FM,5.00,,50W,"Warszawa - komin EC Kaweczyn",,,,
275,SR5WA,439.350000,-,7.600000,Tone,127.3,127.3,023,NN,023,Tone->Tone,FM,5.00,,50W,"Warszawa - komin EC Kaweczyn",,,,
276,SR5WAD,438.337500,-,7.600000,Tone,127.3,127.3,023,NN,023,Tone->Tone,FM,5.00,,50W,"Warszawa - komin EC Kaweczyn",,,,
277,SR5WB,438.550000,-,7.600000,,88.5,88.5,023,NN,023,Tone->Tone,DV,5.00,,50W,"Moszna-Parcela komin Elektrocieplowni Pruszkow II",,,,
278,SR5WC,438.600000,-,7.600000,,88.5,88.5,023,NN,023,Tone->Tone,DV,5.00,,50W,"Moszna-Parcela komin Elektrocieplowni Pruszkow II",,,,
279,SR5WD,438.400000,-,7.600000,,88.5,88.5,023,NN,023,Tone->Tone,DV,5.00,,50W,Moszna-Parcela,,,,
280,SR5WF,439.200000,-,7.600000,,88.5,88.5,023,NN,023,Tone->Tone,DV,5.00,,50W,Warszawa,,,,
281,SR5WI,438.900000,-,7.600000,,88.5,88.5,023,NN,023,Tone->Tone,DV,5.00,,50W,Warszawa,,,,
282,SR5WP,438.625000,-,7.600000,Tone,127.3,127.3,023,NN,023,Tone->Tone,FM,5.00,,50W,"Moszna-Parcela komin Elektrocieplowni Pruszkow II",,,,
283,SR5WU,438.775000,-,7.600000,,88.5,88.5,023,NN,023,Tone->Tone,DV,5.00,,50W,Warszawa-Ursynow,,,,
284,SR5WW,438.500000,-,7.600000,,88.5,88.5,023,NN,023,Tone->Tone,DV,5.00,,50W,"Warszawa - Komin EC Kaweczyn",,,,
285,SR5WWL,438.462500,-,7.600000,Tone,127.3,127.3,023,NN,023,Tone->Tone,FM,5.00,,50W,Marki,,,,
286,SR5WZ,439.000000,-,7.600000,Tone,127.3,127.3,023,NN,023,Tone->Tone,FM,5.00,,50W,"Moszna-Parcela komin Elektrocieplowni Pruszkow II",,,,
287,SR5YAM,430.537500,,0.000000,,88.5,88.5,023,NN,023,Tone->Tone,DV,5.00,,50W,Komorow,,,,
288,SR5YM,438.300000,-,7.600000,,88.5,88.5,023,NN,023,Tone->Tone,DV,5.00,,50W,Komorow,,,,
289,SR5ZIP,439.250000,-,7.600000,Tone,127.3,127.3,023,NN,023,Tone->Tone,FM,5.00,,50W,Warszawa,,,,
290,SR5ZOC,145.587000,,0.000000,Tone,127.3,127.3,023,NN,023,Tone->Tone,FM,5.00,,50W,Nowosielce,,,,
291,SR5ZQ,438.862500,-,7.600000,,88.5,88.5,023,NN,023,Tone->Tone,DV,5.00,,50W,Skierniewice,,,,
292,SR5ZU,438.700000,-,7.600000,Tone,88.5,88.5,023,NN,023,Tone->Tone,FM,5.00,,50W,Zuromin,,,,
293,SR6A,145.575000,-,0.600000,,88.5,88.5,023,NN,023,Tone->Tone,DV,5.00,,50W,Brzeg,,,,
294,SR6AA,439.400000,-,7.600000,,88.5,67.0,023,NN,023,Tone->Tone,FM,5.00,,50W,Legnica,,,,
295,SR6ACZ,438.950000,-,7.600000,Tone,103.5,103.5,023,NN,023,Tone->Tone,FM,5.00,,50W,Wroclaw,,,,
296,SR6B,145.762500,-,0.600000,Tone,77.0,77.0,023,NN,023,Tone->Tone,FM,5.00,,50W,"Dzialoszyn - stacja meteo",,,,
297,SR6C,439.250000,-,7.600000,,88.5,67.0,023,NN,023,Tone->Tone,FM,5.00,,50W,Boleslawiec,,,,
298,SR6DA,439.137500,-,7.600000,,88.5,88.5,023,NN,023,Tone->Tone,FM,5.00,,50W,Dalachow,,,,
299,SR6DJG,439.162500,-,7.600000,,88.5,88.5,023,NN,023,Tone->Tone,DV,5.00,,50W,"Jezow Sudecki",,,,
300,SR6DKB,438.262500,-,7.600000,,88.5,88.5,023,NN,023,Tone->Tone,DV,5.00,,50W,Krapkowice,,,,
301,SR6DL,144.975000,,0.000000,,88.5,88.5,023,NN,023,Tone->Tone,FM,5.00,,50W,Dalachow,,,,
302,SR6DMO,438.625000,-,7.600000,Tone,94.8,94.8,023,NN,023,Tone->Tone,FM,5.00,,50W,Olawa,,,,
303,SR6DMR,438.487500,-,7.600000,,88.5,88.5,023,NN,023,Tone->Tone,DV,5.00,,50W,Wroclaw,,,,
304,SR6DST,145.687500,-,0.600000,Tone,123.0,123.0,023,NN,023,Tone->Tone,FM,5.00,,50W,"Strzelin Wieza Cisnien",,,,
305,SR6DWS,438.462500,-,7.600000,,88.5,88.5,023,NN,023,Tone->Tone,DV,5.00,,50W,"Wielka Sowa",,,,
306,SR6DZM,438.637500,-,7.600000,,88.5,88.5,023,NN,023,Tone->Tone,DV,5.00,,50W,Zmigrod,,,,
307,SR6F,145.750000,-,0.600000,Tone,71.9,71.9,023,NN,023,Tone->Tone,FM,5.00,,50W,"Wysoka k. Gory sw. Anny EMITEL",,,,
308,SR6FG,439.187500,-,7.600000,Tone,103.5,103.5,023,NN,023,Tone->Tone,FM,5.00,,50W,,,,,
309,SR6G,145.625000,-,0.600000,Tone,94.8,94.8,023,NN,023,Tone->Tone,FM,5.00,,50W,"Gora Sleza EMITEL",,,,
310,SR6GL,438.750000,-,7.600000,,88.5,88.5,023,NN,023,Tone->Tone,FM,5.00,,50W,Glubczyce,,,,
311,SR6HBL,438.550000,-,7.600000,,88.5,88.5,023,NN,023,Tone->Tone,DV,5.00,,50W,Wroclaw,,,,
312,SR6J,145.675000,-,0.600000,Tone,67.0,67.0,023,NN,023,Tone->Tone,FM,5.00,,50W,"Gora Szrenica/Szklarska Poreba",,,,
313,SR6JG,438.675000,-,7.600000,Tone,67.0,67.0,023,NN,023,Tone->Tone,FM,5.00,,50W,"Gora Kopa/Karpacz",,,,
314,SR6K,145.737500,-,0.600000,,88.5,88.5,023,NN,023,Tone->Tone,FM,5.00,,50W,Jugow,,,,
315,SR6L,439.200000,-,7.600000,Tone,67.0,67.0,023,NN,023,Tone->Tone,FM,5.00,,50W,Legnica,,,,
316,SR6LDV,438.250000,-,7.600000,,88.5,88.5,023,NN,023,Tone->Tone,DV,5.00,,50W,Legnica,,,,
317,SR6LWS,439.287500,-,7.600000,Tone,94.8,94.8,023,NN,023,Tone->Tone,FM,5.00,,50W,"Wielka Sowa",,,,
318,SR6LZM,438.600000,-,7.600000,Tone,103.5,103.5,023,NN,023,Tone->Tone,FM,5.00,,50W,Zmigrod,,,,
319,SR6MA,438.725000,-,7.600000,,88.5,94.8,023,NN,023,Tone->Tone,FM,5.00,,50W,"Gora Sleza EMITEL",,,,
320,SR6MI,439.337500,-,7.600000,,88.5,67.0,023,NN,023,Tone->Tone,FM,5.00,,50W,Milkowice,,,,
321,SR6MRU,439.300000,-,7.600000,,88.5,88.5,023,NN,023,Tone->Tone,FM,5.00,,50W,Wroclaw,,,,
322,SR6NR,439.425000,-,7.600000,,88.5,94.8,023,NN,023,Tone->Tone,FM,5.00,,50W,"Nowa Ruda-Slupiec",,,,
323,SR6OA,438.875000,-,7.600000,Tone,123.0,123.0,023,NN,023,Tone->Tone,FM,5.00,,50W,Olawa,,,,
324,SR6OO,439.250000,-,7.600000,Tone,123.0,123.0,023,NN,023,Tone->Tone,FM,5.00,,50W,Olesno,,,,
325,SR6OP,439.325000,-,7.600000,Tone,94.8,94.8,023,NN,023,Tone->Tone,FM,5.00,,50W,Opole,,,,
326,SR6PS,438.800000,-,7.600000,Tone,94.8,94.8,023,NN,023,Tone->Tone,FM,5.00,,50W,Swidnica,,,,
327,SR6R,145.600000,-,0.600000,Tone,103.5,103.5,023,NN,023,Tone->Tone,FM,5.00,,50W,Wroclaw,,,,
328,SR6RC,438.100000,-,7.600000,,88.5,103.5,023,NN,023,Tone->Tone,FM,5.00,,50W,Wroclaw,,,,
329,SR6RWS,438.200000,-,7.600000,,88.5,88.5,023,NN,023,Tone->Tone,DV,5.00,,50W,"Wielka Sowa",,,,
330,SR6S,145.787500,-,0.600000,Tone,94.8,94.8,023,NN,023,Tone->Tone,FM,5.00,,50W,"Wielka Sowa",,,,
331,SR6SO,439.412500,-,7.600000,,88.5,88.5,023,NN,023,Tone->Tone,DV,5.00,,50W,"Strzelce Opolskie",,,,
332,SR6T,438.550000,-,7.600000,,88.5,88.5,023,NN,023,Tone->Tone,DV,5.00,,50W,Bolkow,,,,
333,SR6TT,439.225000,-,7.600000,Tone,67.0,67.0,023,NN,023,Tone->Tone,FM,5.00,,50W,"BOLKOW STARE ROCHOWICE",,,,
334,SR6TW,438.750000,-,7.600000,,88.5,88.5,023,NN,023,Tone->Tone,DV,5.00,,50W,Chelstow,,,,
335,SR6UKB,439.262500,-,7.600000,Tone,94.8,94.8,023,NN,023,Tone->Tone,FM,5.00,,50W,"Kopa Biskupia",,,,
336,SR6UKR,438.425000,-,7.600000,,88.5,88.5,023,NN,023,Tone->Tone,DV,5.00,,50W,Krapkowice,,,,
337,SR6UPK,438.537500,-,7.600000,,88.5,67.0,023,NN,023,Tone->Tone,FM,5.00,,50W,,,,,
338,SR6UVO,439.387500,-,7.600000,Tone,94.8,94.8,023,NN,023,Tone->Tone,FM,5.00,,50W,"Elektrownia Opole Brzezie k/Opola",,,,
339,SR6UVW,439.012500,-,7.600000,,88.5,88.5,023,NN,023,Tone->Tone,DV,5.00,,50W,"Wroclaw - Dom Akademicki",,,,
340,SR6UVX,439.412500,-,7.600000,,88.5,103.5,023,NN,023,Tone->Tone,FM,5.00,,50W,Zmigrod,,,,
341,SR6UVY,439.212500,-,7.600000,,88.5,88.5,023,NN,023,Tone->Tone,FM,5.00,,50W,Olawa,,,,
342,SR6W,145.662500,-,0.600000,Tone,94.8,94.8,023,NN,023,Tone->Tone,FM,5.00,,50W,"Gora Chelmiec",,,,
343,SR6WB,439.362500,-,7.600000,,88.5,94.8,023,NN,023,Tone->Tone,FM,5.00,,50W,"Gora Chelmiec",,,,
344,SR6WF,438.400000,-,7.600000,,88.5,88.5,023,NN,023,Tone->Tone,DV,5.00,,50W,Mrozow,,,,
345,SR6WR,438.850000,-,7.600000,Tone,103.5,103.5,023,NN,023,Tone->Tone,FM,5.00,,50W,Wroclaw,,,,
346,SR6WRC,70.260000,+,359.915000,Tone,103.5,103.5,023,NN,023,Tone->Tone,FM,5.00,,50W,Wroclaw,,,,
347,SR6WS,438.925000,-,7.600000,Tone,94.8,94.8,023,NN,023,Tone->Tone,FM,5.00,,50W,"Wielka Sowa",,,,
348,SR6WY,439.075000,-,7.600000,Tone,71.9,71.9,023,NN,023,Tone->Tone,FM,5.00,,50W,"Wysoka k. Gory Sw Anny",,,,
349,SR6XWS,439.562500,-,7.600000,,88.5,88.5,023,NN,023,Tone->Tone,DV,5.00,,50W,"Wielka Sowa",,,,
350,SR6Z,145.637500,-,0.600000,Tone,67.0,67.0,023,NN,023,Tone->Tone,FM,5.00,,50W,"Gora Swieradowiec",,,,
351,SR7ABZ,145.275000,-,0.600000,Tone,88.5,88.5,023,NN,023,Tone->Tone,FM,5.00,,50W,Busko-Zdroj,,,,
352,SR7BU,145.237500,,0.000000,Tone,77.0,77.0,023,NN,023,Tone->Tone,FM,5.00,,50W,Burzenin,,,,
353,SR7CKD,145.575000,-,0.600000,,88.5,88.5,023,NN,023,Tone->Tone,DV,5.00,,50W,Lodz,,,,
354,SR7DBZ,438.562500,-,7.600000,,88.5,88.5,023,NN,023,Tone->Tone,FM,5.00,,50W,Busko-Zdroj,,,,
355,SR7DMK,439.412500,-,7.600000,,88.5,88.5,023,NN,023,Tone->Tone,DV,5.00,,50W,"Lysa Gora/Nowa Slupia - RTCN Swiety Krzyz EmiTel",,,,
356,SR7DMR,438.275000,-,7.600000,,88.5,88.5,023,NN,023,Tone->Tone,DV,5.00,,50W,"Gora Kamiensk wieza EmiTel",,,,
357,SR7DSC,439.287500,-,7.600000,,88.5,88.5,023,NN,023,Tone->Tone,DV,5.00,,50W,Skierniewice,,,,
358,SR7DVK,438.325000,-,7.600000,,88.5,88.5,023,NN,023,Tone->Tone,DV,5.00,,50W,Kutno,,,,
359,SR7E,145.762500,-,0.600000,Tone,77.0,77.0,023,NN,023,Tone->Tone,FM,5.00,,50W,Belchatow,,,,
360,SR7FUS,438.612500,-,7.600000,,88.5,88.5,023,NN,023,Tone->Tone,DV,5.00,,50W,"Gora Kamiensk wieza EmiTel",,,,
361,SR7G,439.062500,-,7.600000,,88.5,88.5,023,NN,023,Tone->Tone,DV,5.00,,50W,Zlota,,,,
362,SR7HYT,145.625000,-,0.600000,,88.5,88.5,023,NN,023,Tone->Tone,DV,5.00,,50W,Lodz,,,,
363,SR7KFX,438.262500,-,7.600000,Tone,88.5,88.5,023,NN,023,Tone->Tone,FM,5.00,,50W,Wielenin,,,,
364,SR7KGO,145.275000,+,287.975000,Tone,88.5,88.5,023,NN,023,Tone->Tone,FM,5.00,,50W,Busko-Zdroj,,,,
365,SR7KI,438.725000,-,7.600000,Tone,88.5,88.5,023,NN,023,Tone->Tone,FM,5.00,,50W,"RTCN Swiety Krzyz EmiTel - Lysa Gora/Nowa Slupia",,,,
366,SR7KP,439.425000,-,7.600000,Tone,88.5,88.5,023,NN,023,Tone->Tone,FM,5.00,,50W,Kielce,,,,
367,SR7KU,438.925000,-,7.600000,,88.5,82.5,023,NN,023,Tone->Tone,FM,5.00,,50W,Kutno,,,,
368,SR7L,145.675000,-,0.600000,,88.5,77.0,023,NN,023,Tone->Tone,FM,5.00,,50W,Lodz,,,,
369,SR7LA,439.550000,-,7.600000,Tone,77.0,77.0,023,NN,023,Tone->Tone,FM,5.00,,50W,Lask,,,,
370,SR7LD,439.075000,-,7.600000,Tone,77.0,77.0,023,NN,023,Tone->Tone,FM,5.00,,50W,Lodz,,,,
371,SR7LDA,438.450000,-,7.600000,,88.5,88.5,023,NN,023,Tone->Tone,DV,5.00,,50W,Lodz,,,,
372,SR7LDD,438.225000,-,7.600000,,88.5,88.5,023,NN,023,Tone->Tone,DV,5.00,,50W,Lodz,,,,
373,SR7LDQ,438.850000,-,7.600000,,88.5,88.5,023,NN,023,Tone->Tone,DV,5.00,,50W,Plichtow,,,,
374,SR7LDY,145.737500,-,0.600000,,88.5,88.5,023,NN,023,Tone->Tone,DV,5.00,,50W,Plichtow,,,,
375,SR7LDZ,438.350000,-,7.600000,Tone,77.0,77.0,023,NN,023,Tone->Tone,FM,5.00,,50W,Lodz,,,,
376,SR7LL,145.712500,-,0.600000,,88.5,88.5,023,NN,023,Tone->Tone,DV,5.00,,50W,Lodz,,,,
377,SR7LLX,438.875000,-,7.600000,,88.5,88.5,023,NN,023,Tone->Tone,FM,5.00,,50W,,,,,
378,SR7LM,439.200000,-,7.600000,,88.5,88.5,023,NN,023,Tone->Tone,FM,5.00,,50W,Lodz,,,,
379,SR7LO,1298.700000,-,28.000000,,88.5,88.5,023,NN,023,Tone->Tone,FM,5.00,,50W,Lodz,,,,
380,SR7MK,438.475000,-,7.600000,,88.5,88.5,023,NN,023,Tone->Tone,DV,5.00,,50W,"Lysa Gora/Nowa Slupia - RTCN Swiety Krzyz EmiTel",,,,
381,SR7O,145.662500,-,0.600000,,88.5,88.5,023,NN,023,Tone->Tone,FM,5.00,,50W,"Sniezkowice POLKOMTEL",,,,
382,SR7OS,439.475000,-,7.600000,Tone,71.9,71.9,023,NN,023,Tone->Tone,FM,5.00,,50W,"Ostrowiec Swietokrzyski",,,,
383,SR7PA,439.400000,-,7.600000,,88.5,77.0,023,NN,023,Tone->Tone,FM,5.00,,50W,Pabianice,,,,
384,SR7PB,438.650000,-,7.600000,Tone,118.8,88.5,023,NN,023,Tone->Tone,FM,5.00,,50W,Baltow,,,,
385,SR7SAN,439.062500,-,7.600000,,88.5,88.5,023,NN,023,Tone->Tone,DV,5.00,,50W,Koprzywnica,,,,
386,SR7SC,439.325000,-,7.600000,Tone,118.8,118.8,023,NN,023,Tone->Tone,FM,5.00,,50W,Skierniewice,,,,
387,SR7SI,438.825000,-,7.600000,Tone,77.0,77.0,023,NN,023,Tone->Tone,FM,5.00,,50W,Sieradz,,,,
388,SR7ST,439.150000,-,7.600000,Tone,110.9,110.9,023,NN,023,Tone->Tone,FM,5.00,,50W,"Staszow - wieza   Polkomtel Sp. z o.o. - Plus",,,,
389,SR7SZ,439.187500,-,7.600000,Tone,110.9,110.9,023,NN,023,Tone->Tone,FM,5.00,,50W,"Staszow - wieza Polkomtel Sp. z o.o.",,,,
390,SR7T,438.875000,-,7.600000,,88.5,88.5,023,NN,023,Tone->Tone,DV,5.00,,50W,Zlota,,,,
391,SR7TCW,438.125000,-,292.825000,,88.5,88.5,023,NN,023,Tone->Tone,FM,5.00,,50W,Zlota,,,,
392,SR7TM,438.675000,-,7.600000,Tone,118.8,118.8,023,NN,023,Tone->Tone,FM,5.00,,50W,"Tomaszow Mazowiecki",,,,
393,SR7UAL,438.650000,-,7.600000,,88.5,88.5,023,NN,023,Tone->Tone,DV,5.00,,50W,Lodz,,,,
394,SR7ULD,439.550000,-,7.600000,,88.5,88.5,023,NN,023,Tone->Tone,DV,5.00,,50W,Lodz,,,,
395,SR7ULM,439.500000,-,7.600000,Tone,88.5,74.4,023,NN,023,Tone->Tone,DV,5.00,,50W,Lodz,,,,
396,SR7USI,439.525000,-,7.600000,,88.5,88.5,023,NN,023,Tone->Tone,DV,5.00,,50W,Sieradz,,,,
397,SR7UTM,439.100000,-,7.600000,,88.5,88.5,023,NN,023,Tone->Tone,DV,5.00,,50W,"Tomaszow Mazowiecki",,,,
398,SR7UVK-B,439.125000,-,7.600000,,88.5,88.5,023,NN,023,Tone->Tone,DV,5.00,,50W,"Lysa Gora/Nowa Slupia - RTCN Swiety Krzyz EmiTel",,,,
399,SR7UVL-B,439.450000,-,7.600000,,88.5,88.5,023,NN,023,Tone->Tone,DV,5.00,,50W,Lodz,,,,
400,SR7UVV,439.487500,-,7.600000,,88.5,88.5,023,NN,023,Tone->Tone,DV,5.00,,50W,"Gora Kamiensk wieza EmiTel",,,,
401,SR7UWI,438.525000,-,7.600000,,88.5,88.5,023,NN,023,Tone->Tone,DV,5.00,,50W,Czastary,,,,
402,SR7V,145.625000,-,0.600000,Tone,88.5,88.5,023,NN,023,Tone->Tone,FM,5.00,,50W,"RTCN Swiety Krzyz EmiTel - Lysa Gora/Nowa Slupia",,,,
403,SR7VV,439.112500,-,7.600000,Tone,77.0,77.0,023,NN,023,Tone->Tone,FM,5.00,,50W,"Gora Kamiensk wieza EmiTel",,,,
404,SR7W,145.700000,-,0.600000,Tone,77.0,88.5,023,NN,023,Tone->Tone,FM,5.00,,50W,Wielun,,,,
405,SR7WI,439.000000,-,7.600000,,88.5,88.5,023,NN,023,Tone->Tone,FM,5.00,,50W,Dzialoszyn,,,,
406,SR7Z,145.600000,-,0.600000,,88.5,77.0,023,NN,023,Tone->Tone,FM,5.00,,50W,Lodz,,,,
407,SR7ZD,438.900000,-,7.600000,,88.5,77.0,023,NN,023,Tone->Tone,FM,5.00,,50W,"Zdunska Wola",,,,
408,SR7ZG,438.950000,-,7.600000,,88.5,77.0,023,NN,023,Tone->Tone,FM,5.00,,50W,Zgierz,,,,
409,SR8AGA,439.350000,-,7.600000,,88.5,103.5,023,NN,023,Tone->Tone,FM,5.00,,50W,Domaradz,,,,
410,SR8ALA,439.475000,-,7.600000,,88.5,88.5,023,NN,023,Tone->Tone,DV,5.00,,50W,Domaradz,,,,
411,SR8AR,29.690000,-,0.100000,Tone,127.3,127.3,023,NN,023,Tone->Tone,FM,5.00,,50W,Krosno,,,,
412,SR8AR,29.590000,+,0.100000,Tone,127.3,127.3,023,NN,023,Tone->Tone,FM,5.00,,50W,Krosno,,,,
413,SR8AVB,439.012500,-,7.600000,,88.5,88.5,023,NN,023,Tone->Tone,DV,5.00,,50W,"Biala Podlaska",,,,
414,SR8B,145.787500,-,0.600000,Tone,71.9,71.9,023,NN,023,Tone->Tone,FM,5.00,,50W,Lezajsk,,,,
415,SR8BB,438.875000,-,7.600000,Tone,103.5,103.5,023,NN,023,Tone->Tone,FM,5.00,,50W,"Bereznica Wyzna",,,,
416,SR8BD,438.875000,-,7.600000,Tone,103.5,103.5,023,NN,023,Tone->Tone,FM,5.00,,50W,"Biala Podlaska Pec",,,,
417,SR8BI,438.900000,-,7.600000,,88.5,88.5,023,NN,023,Tone->Tone,FM,5.00,,50W,Baligrod,,,,
418,SR8BP,438.650000,-,7.600000,Tone,79.7,79.7,023,NN,023,Tone->Tone,FM,5.00,,50W,"Chotycze / Losice",,,,
419,SR8CH,438.675000,-,7.600000,,88.5,77.0,023,NN,023,Tone->Tone,FM,5.00,,50W,Chelm,,,,
420,SR8D,145.650000,-,0.600000,Tone,79.7,79.7,023,NN,023,Tone->Tone,FM,5.00,,50W,"Chotycze / Losice",,,,
421,SR8DE,439.300000,-,7.600000,,88.5,103.5,023,NN,023,Tone->Tone,FM,5.00,,50W,Debica,,,,
422,SR8DEF,438.425000,-,7.600000,,88.5,103.5,023,NN,023,Tone->Tone,FM,5.00,,50W,Debica,,,,
423,SR8DMB,439.575000,-,7.600000,,88.5,88.5,023,NN,023,Tone->Tone,DV,5.00,,50W,Bezmiechowa,,,,
424,SR8DMK,439.375000,-,7.600000,,88.5,88.5,023,NN,023,Tone->Tone,DV,5.00,,50W,"RTCN Sucha Gora/Krosno EmiTel-Czarnorzeki 90",,,,
425,SR8DMR,438.837500,-,7.600000,,88.5,88.5,023,NN,023,Tone->Tone,DV,5.00,,50W,"Chotycze - RTCN Losice",,,,
426,SR8DRL,438.275000,-,7.600000,,88.5,88.5,023,NN,023,Tone->Tone,DV,5.00,,50W,Lublin,,,,
427,SR8DU,439.000000,-,7.600000,Tone,71.9,71.9,023,NN,023,Tone->Tone,FM,5.00,,50W,Drohobyczka-Dubiecko,,,,
428,SR8DV,439.400000,-,8.600000,,88.5,88.5,023,NN,023,Tone->Tone,DV,5.00,,50W,"RTCN Sucha Gora/Krosno EmiTel-Czarnorzeki 90",,,,
429,SR8DVP,438.450000,-,7.600000,,88.5,88.5,023,NN,023,Tone->Tone,DV,5.00,,50W,"Kazimierz Dolny",,,,
430,SR8ET,439.200000,-,7.600000,Tone,71.9,71.9,023,NN,023,Tone->Tone,FM,5.00,,50W,"Sanok - Urzad Miasta",,,,
431,SR8FM,434.400000,,0.000000,,88.5,77.0,023,NN,023,Tone->Tone,FM,5.00,,50W,Zawierzbie,,,,
432,SR8FWD,438.712500,-,7.600000,,88.5,88.5,023,NN,023,Tone->Tone,DV,5.00,,50W,Wlodawa,,,,
433,SR8GA,145.725000,-,0.600000,Tone,77.0,77.0,023,NN,023,Tone->Tone,FM,5.00,,50W,Pulawy,,,,
434,SR8J,145.700000,-,0.600000,,88.5,88.5,023,NN,023,Tone->Tone,FM,5.00,,50W,Jaroslaw,,,,
435,SR8JR,439.250000,-,7.600000,,88.5,67.0,023,NN,023,Tone->Tone,FM,5.00,,50W,Jaroslaw,,,,
436,SR8JS,438.800000,-,7.600000,Tone,103.5,88.5,023,NN,023,Tone->Tone,FM,5.00,,50W,"Jaslo - Gora Liwocz",,,,
437,SR8K,145.600000,-,0.600000,Tone,71.9,71.9,023,NN,023,Tone->Tone,FM,5.00,,50W,Drohobyczka-Dubiecko,,,,
438,SR8KP,439.575000,-,7.600000,Tone,71.9,71.9,023,NN,023,Tone->Tone,FM,5.00,,50W,Lezajsk-Giedlarowa,,,,
439,SR8KR,438.625000,-,7.600000,Tone,103.5,103.5,023,NN,023,Tone->Tone,FM,5.00,,50W,"RTCN Sucha Gora/Krosno EmiTel-Czarnorzeki 90",,,,
440,SR8KSR,438.925000,-,7.600000,Tone,103.5,103.5,023,NN,023,Tone->Tone,FM,5.00,,50W,Krosno,,,,
441,SR8L,145.675000,-,0.600000,Tone,67.0,67.0,023,NN,023,Tone->Tone,FM,5.00,,50W,"RTCN Lublin / Bozy Dar (Emitel)",,,,
442,SR8L6M,51.810000,-,0.600000,Tone,67.0,67.0,023,NN,023,Tone->Tone,FM,5.00,,50W,Lublin,,,,
443,SR8LBD,438.575000,-,7.600000,Tone,77.0,77.0,023,NN,023,Tone->Tone,FM,5.00,,50W,"RTCN Lublin / Bozy Dar (Emitel)",,,,
444,SR8LBL,29.670000,-,0.100000,,88.5,71.9,023,NN,023,Tone->Tone,FM,5.00,,50W,Giedlarowa,,,,
445,SR8LBT,430.100000,+,1.600000,,88.5,88.5,023,NN,023,Tone->Tone,DV,5.00,,50W,Lublin,,,,
446,SR8LKR,438.550000,-,7.600000,Tone,67.0,67.0,023,NN,023,Tone->Tone,FM,5.00,,50W,Krasnik,,,,
447,SR8LL,1298.700000,-,28.000000,,88.5,88.5,023,NN,023,Tone->Tone,FM,5.00,,50W,Lublin,,,,
448,SR8LLB,439.250000,-,7.600000,,88.5,77.0,023,NN,023,Tone->Tone,FM,5.00,,50W,Lubartow,,,,
449,SR8LN,438.675000,-,7.600000,Tone,67.0,67.0,023,NN,023,Tone->Tone,FM,5.00,,50W,Lublin,,,,
450,SR8LSW,439.025000,-,7.600000,Tone,110.9,110.9,023,NN,023,Tone->Tone,FM,5.00,,50W,Swidnik,,,,
451,SR8LU,439.050000,-,7.600000,Tone,67.0,67.0,023,NN,023,Tone->Tone,FM,5.00,,50W,Lublin,,,,
452,SR8LUB,439.400000,-,7.600000,Tone,77.0,77.0,023,NN,023,Tone->Tone,FM,5.00,,50W,Lublin,,,,
453,SR8LUF,439.525000,-,7.600000,,88.5,88.5,023,NN,023,Tone->Tone,DV,5.00,,50W,Lublin,,,,
454,SR8LW,438.700000,-,7.600000,,88.5,67.0,023,NN,023,Tone->Tone,FM,5.00,,50W,"Lukow (Zbozowa 2)",,,,
455,SR8LWB,439.137500,-,7.600000,Tone,67.0,67.0,023,NN,023,Tone->Tone,FM,5.00,,50W,Bogdanka,,,,
456,SR8MBR,50.540000,+,382.060000,Tone,71.9,71.9,023,NN,023,Tone->Tone,FM,5.00,,50W,"Tyczyn Lasek",,,,
457,SR8NP,145.762500,-,0.600000,Tone,186.2,88.5,023,NN,023,Tone->Tone,FM,5.00,,50W,Przemysl,,,,
458,SR8PL,439.087500,-,7.600000,Tone,118.8,118.8,023,NN,023,Tone->Tone,FM,5.00,,50W,"Kazimierz Dolny",,,,
459,SR8PPN,438.900000,-,7.600000,,88.5,67.0,023,NN,023,Tone->Tone,FM,5.00,,50W,"gm. Urszulin",,,,
460,SR8PU,438.850000,-,7.600000,Tone,118.8,118.8,023,NN,023,Tone->Tone,FM,5.00,,50W,"Kazimierz Dolny",,,,
461,SR8R,145.675000,-,0.600000,,88.5,71.9,023,NN,023,Tone->Tone,FM,5.00,,50W,Rzeszow,,,,
462,SR8RD,438.962500,-,7.600000,,88.5,88.5,023,NN,023,Tone->Tone,DV,5.00,,50W,"Stalowa Wola",,,,
463,SR8RJS,438.500000,-,7.600000,Tone,103.5,103.5,023,NN,023,Tone->Tone,FM,5.00,,50W,Opacie,,,,
464,SR8RSC,145.287500,,0.000000,Tone,71.9,71.9,023,NN,023,Tone->Tone,FM,5.00,,50W,Boguchwala,,,,
465,SR8RZ,439.250000,-,7.600000,Tone,71.9,71.9,023,NN,023,Tone->Tone,FM,5.00,,50W,Rzeszow,,,,
466,SR8RZE,439.287500,-,7.600000,Tone,71.9,71.9,023,NN,023,Tone->Tone,FM,5.00,,50W,Rzeszow,,,,
467,SR8S,145.712500,-,0.600000,Tone,123.0,123.0,023,NN,023,Tone->Tone,FM,5.00,,50W,Swidnik,,,,
468,SR8SD,439.325000,-,7.600000,Tone,123.0,123.0,023,NN,023,Tone->Tone,FM,5.00,,50W,Swidnik,,,,
469,SR8SM,438.650000,-,7.600000,Tone,123.0,123.0,023,NN,023,Tone->Tone,FM,5.00,,50W,Debica,,,,
470,SR8T,145.725000,-,0.600000,Tone,103.5,103.5,023,NN,023,Tone->Tone,FM,5.00,,50W,"RTCN Sucha Gora/Krosno EmiTel-Czarnorzeki 90",,,,
471,SR8TA,438.950000,-,7.600000,Tone,103.5,103.5,023,NN,023,Tone->Tone,FM,5.00,,50W,"RTCN Sucha Gora/Krosno EmiTel-Czarnorzeki 90",,,,
472,SR8TPM,145.337500,,0.000000,Tone,71.9,71.9,023,NN,023,Tone->Tone,FM,5.00,,50W,,,,,
473,SR8TR,29.690000,-,0.100000,,88.5,88.5,023,NN,023,Tone->Tone,FM,5.00,,50W,"Lezajsk Cmentarna CNR",,,,
474,SR8U,145.687500,-,0.600000,,88.5,88.5,023,NN,023,Tone->Tone,FM,5.00,,50W,Baligrod,,,,
475,SR8UKS,439.112500,-,7.600000,,88.5,88.5,023,NN,023,Tone->Tone,DV,5.00,,50W,"RTCN Sucha Gora/Krosno EmiTel-Czarnorzeki 90",,,,
476,SR8UVB,439.412500,-,7.600000,,88.5,88.5,023,NN,023,Tone->Tone,DV,5.00,,50W,"Chotycze - RTCN Losice",,,,
477,SR8UVC,439.550000,-,7.600000,,88.5,88.5,023,NN,023,Tone->Tone,DV,5.00,,50W,"Biala Podlaska",,,,
478,SR8UVL,438.825000,-,7.600000,,88.5,88.5,023,NN,023,Tone->Tone,DV,5.00,,50W,Lublin,,,,
479,SR8UVP,439.462500,-,7.600000,,88.5,88.5,023,NN,023,Tone->Tone,DV,5.00,,50W,"Kazimierz Dolny",,,,
480,SR8UVS,438.325000,-,7.600000,,88.5,88.5,023,NN,023,Tone->Tone,DV,5.00,,50W,Swidnik,,,,
481,SR8UWD,438.512500,-,7.600000,,88.5,88.5,023,NN,023,Tone->Tone,DV,5.00,,50W,Wlodawa,,,,
482,SR8V,145.612500,-,0.600000,,88.5,103.5,023,NN,023,Tone->Tone,FM,5.00,,50W,Jaslo,,,,
483,SR8WD,438.975000,-,7.600000,Tone,103.5,103.5,023,NN,023,Tone->Tone,FM,5.00,,50W,Wlodawa,,,,
484,SR8X,145.700000,-,0.600000,Tone,118.8,118.8,023,NN,023,Tone->Tone,FM,5.00,,50W,Pulawy,,,,
485,SR8Y,145.650000,-,0.600000,Tone,123.0,123.0,023,NN,023,Tone->Tone,FM,5.00,,50W,Rzeszow,,,,
486,SR8Z,145.750000,-,0.600000,Tone,77.0,77.0,023,NN,023,Tone->Tone,FM,5.00,,50W,"Feliksowka k/Zamoscia",,,,
487,SR8ZA,439.275000,-,7.600000,Tone,77.0,77.0,023,NN,023,Tone->Tone,FM,5.00,,50W,"Feliksowka k/Zamoscia",,,,
488,SR9A,145.775000,-,0.600000,,88.5,88.5,023,NN,023,Tone->Tone,FM,5.00,,50W,"Gora Wal - Tarnow",,,,
489,SR9ABC,51.990000,-,0.600000,,88.5,88.5,023,NN,023,Tone->Tone,FM,5.00,,50W,"Szczawnica - Gora Przehyba (Teren schroniska)",,,,
490,SR9AD,438.625000,-,7.600000,,88.5,88.5,023,NN,023,Tone->Tone,FM,5.00,,50W,Krakow,,,,
491,SR9AD,439.000000,-,7.600000,,88.5,88.5,023,NN,023,Tone->Tone,DV,5.00,,50W,Krakow,,,,
492,SR9AE,438.825000,-,7.600000,Tone,103.5,103.5,023,NN,023,Tone->Tone,FM,5.00,,50W,"Obserwatorium astronomiczne na Gorze Lubomir",,,,
493,SR9AMS,145.237500,,0.000000,Tone,107.2,88.5,023,NN,023,Tone->Tone,FM,5.00,,50W,"(zmiana lokalizacji)",,,,
494,SR9ASR,438.300000,-,7.600000,Tone,74.4,74.4,023,NN,023,Tone->Tone,FM,5.00,,50W,"Gora Zar",,,,
495,SR9B,145.712500,-,0.600000,,88.5,67.0,023,NN,023,Tone->Tone,FM,5.00,,50W,Skrzyczne,,,,
496,SR9BB,438.537500,-,7.600000,Tone,67.0,67.0,023,NN,023,Tone->Tone,FM,5.00,,50W,"Schroniska PTTK Szyndzielnia",,,,
497,SR9BB,438.537500,-,7.600000,Tone,67.0,67.0,023,NN,023,Tone->Tone,FM,5.00,,50W,"Platforma widokowa na Skrzycznem",,,,
498,SR9BN,439.225000,-,7.600000,,88.5,88.5,023,NN,023,Tone->Tone,DV,5.00,,50W,Bedzin,,,,
499,SR9BSR,438.250000,-,7.600000,,88.5,74.4,023,NN,023,Tone->Tone,FM,5.00,,50W,"Gora Szyndzielnia",,,,
500,SR9C,145.600000,-,0.600000,Tone,103.5,103.5,023,NN,023,Tone->Tone,FM,5.00,,50W,Krakow,,,,
501,SR9CSR,439.512500,-,7.600000,,88.5,88.5,023,NN,023,Tone->Tone,DV,5.00,,50W,Osiek,,,,
502,SR9CZ,439.175000,-,7.600000,,88.5,88.5,023,NN,023,Tone->Tone,DV,5.00,,50W,Czestochowa,,,,
503,SR9CZC,145.337500,,0.000000,Tone,107.2,88.5,023,NN,023,Tone->Tone,DV,5.00,,50W,Czestochowa,,,,
504,SR9CZE,439.562500,-,7.600000,,88.5,67.0,023,NN,023,Tone->Tone,FM,5.00,,50W,Czestochowa,,,,
505,SR9D,145.675000,-,0.600000,,88.5,71.9,023,NN,023,Tone->Tone,FM,5.00,,50W,Bedzin,,,,
506,SR9DBN,438.475000,-,7.600000,,88.5,88.5,023,NN,023,Tone->Tone,DV,5.00,,50W,Myslowice,,,,
507,SR9DBY,439.150000,-,7.600000,,88.5,88.5,023,NN,023,Tone->Tone,DV,5.00,,50W,Bytom,,,,
508,SR9DDP,438.550000,-,7.600000,,88.5,88.5,023,NN,023,Tone->Tone,DV,5.00,,50W,"Gora Kicarz",,,,
509,SR9DJK,438.375000,-,7.600000,,88.5,88.5,023,NN,023,Tone->Tone,DV,5.00,,50W,"Wlodowice - Jura",,,,
510,SR9DKA,438.500000,-,7.600000,,88.5,88.5,023,NN,023,Tone->Tone,DV,5.00,,50W,"Siemianowice Slaskie",,,,
511,SR9DLI,438.975000,-,7.600000,,88.5,88.5,023,NN,023,Tone->Tone,DV,5.00,,50W,"Limanowa Lipowe",,,,
512,SR9DMR,438.450000,-,7.600000,,88.5,88.5,023,NN,023,Tone->Tone,DV,5.00,,50W,Katowice,,,,
513,SR9DSK,438.525000,-,7.600000,,88.5,88.5,023,NN,023,Tone->Tone,DV,5.00,,50W,SZCZAWNICA,,,,
514,SR9DSR,145.587500,-,0.600000,,88.5,88.5,023,NN,023,Tone->Tone,DV,5.00,,50W,Klimczok,,,,
515,SR9DV,438.325000,-,7.600000,,88.5,67.0,023,NN,023,Tone->Tone,FM,5.00,,50W,Wegrzce,,,,
516,SR9DX,145.575000,-,0.600000,Tone,71.9,71.9,023,NN,023,Tone->Tone,FM,5.00,,50W,Bytom,,,,
517,SR9DXK,438.612500,-,7.600000,,88.5,88.5,023,NN,023,Tone->Tone,DV,5.00,,50W,Bytom,,,,
518,SR9E,145.725000,-,0.600000,Tone,71.9,71.9,023,NN,023,Tone->Tone,FM,5.00,,50W,"Siemianowice Slaskie",,,,
519,SR9EE,438.875000,-,7.600000,,88.5,67.0,023,NN,023,Tone->Tone,FM,5.00,,50W,"Skrzyczne EMITEL",,,,
520,SR9EHO,29.610000,,0.000000,Tone,107.2,107.2,023,NN,023,Tone->Tone,FM,5.00,,50W,"Mordarka - Lysa Gora (k. Limanowej)",,,,
521,SR9FUN,29.660000,-,0.100000,Tone,107.2,107.2,023,NN,023,Tone->Tone,FM,5.00,,50W,"Szczawnica - Gora Przehyba (Teren schroniska)",,,,
522,SR9GC,438.925000,-,7.600000,,88.5,88.5,023,NN,023,Tone->Tone,FM,5.00,,50W,Gliwice,,,,
523,SR9GP,438.650000,-,7.600000,Tone,107.2,107.2,023,NN,023,Tone->Tone,FM,5.00,,50W,"Mordarka - Lysa gora",,,,
524,SR9GR,438.537500,-,7.600000,Tone,162.2,162.2,023,NN,023,Tone->Tone,FM,5.00,,50W,"Gorlice maszt Emitel na Gorze Cmentarnej",,,,
525,SR9IVG,70.260000,,0.000000,Tone,107.2,88.5,023,NN,023,Tone->Tone,FM,5.00,,50W,"Mordarka - Lysa Gora (k. Limanowej)",,,,
526,SR9J,145.787500,-,0.600000,Tone,123.0,123.0,023,NN,023,Tone->Tone,FM,5.00,,50W,Czestochowa,,,,
527,SR9JG,439.462500,-,7.600000,Tone,71.9,71.9,023,NN,023,Tone->Tone,FM,5.00,,50W,Biskupice,,,,
528,SR9JK,438.800000,-,7.600000,,88.5,94.8,023,NN,023,Tone->Tone,FM,5.00,,50W,Wlodowice,,,,
529,SR9JSR,439.312500,-,7.600000,,88.5,88.5,023,NN,023,Tone->Tone,DV,5.00,,50W,"Jastrzebie Zdroj",,,,
530,SR9K,145.750000,-,0.600000,,88.5,103.5,023,NN,023,Tone->Tone,FM,5.00,,50W,"Siercza k/Wieliczki",,,,
531,SR9KAO,439.212500,-,7.600000,,88.5,88.5,023,NN,023,Tone->Tone,FM,5.00,,50W,Tarnow,,,,
532,SR9KD,438.950000,-,7.600000,,88.5,71.9,023,NN,023,Tone->Tone,FM,5.00,,50W,Sosnowiec,,,,
533,SR9KM,438.975000,-,7.600000,,88.5,71.9,023,NN,023,Tone->Tone,FM,5.00,,50W,"Krupski Mlyn",,,,
534,SR9KR,439.275000,-,7.600000,,88.5,88.5,023,NN,023,Tone->Tone,DV,5.00,,50W,"Choragwica k/Krakowa",,,,
535,SR9KS,438.900000,-,7.600000,Tone,103.5,103.5,023,NN,023,Tone->Tone,FM,5.00,,50W,"Siercza k/Wieliczki",,,,
536,SR9KW,439.025000,-,7.600000,Tone,67.0,67.0,023,NN,023,Tone->Tone,FM,5.00,,50W,Pogrzebien,,,,
537,SR9L,145.687500,-,0.600000,Tone,107.2,107.2,023,NN,023,Tone->Tone,FM,5.00,,50W,"Limanowa Lipowe",,,,
538,SR9LC,438.700000,-,7.600000,Tone,71.9,71.9,023,NN,023,Tone->Tone,FM,5.00,,50W,LUBECKO,,,,
539,SR9LC,145.000000,,0.000000,Tone,71.9,71.9,023,NN,023,Tone->Tone,FM,5.00,,50W,Lubecko,,,,
540,SR9LI,438.675000,-,7.600000,,88.5,88.5,023,NN,023,Tone->Tone,FM,5.00,,50W,Pasierbiec,,,,
541,SR9LK,1298.500000,-,28.000000,,88.5,88.5,023,NN,023,Tone->Tone,FM,5.00,,50W,"Siercza k/Wieliczki",,,,
542,SR9NJ,1298.150000,-,28.000000,,88.5,88.5,023,NN,023,Tone->Tone,FM,5.00,,50W,"Krynica Zdroj Jaworzyna (gorna stacja kolejki gondolowej",,,,
543,SR9NJ,438.700000,-,7.600000,Tone,103.5,103.5,023,NN,023,Tone->Tone,FM,5.00,,50W,"Krynica Zdroj Jaworzyna (gorna stacja kolejki gondolowej",,,,
544,SR9NKU,438.362500,-,7.600000,Tone,71.9,71.9,023,NN,023,Tone->Tone,FM,5.00,,50W,"Dabrowa Gornicza",,,,
545,SR9NP,438.937500,-,7.600000,Tone,107.2,107.2,023,NN,023,Tone->Tone,FM,5.00,,50W,Prehyba,,,,
546,SR9NS,439.225000,-,7.600000,Tone,107.2,107.2,023,NN,023,Tone->Tone,FM,5.00,,50W,"Nowy Sacz",,,,
547,SR9NSC,145.337500,,0.000000,Tone,103.5,88.5,023,NN,023,Tone->Tone,DV,5.00,,50W,"Nowy Sacz",,,,
548,SR9NSK,434.675000,,0.000000,,88.5,88.5,023,NN,023,Tone->Tone,FM,5.00,,50W,Skrzyczne,,,,
549,SR9OA,438.750000,-,7.600000,,88.5,107.2,023,NN,023,Tone->Tone,FM,5.00,,50W,"Wieza widokowa Dabrowa",,,,
550,SR9OKO,438.800000,-,7.600000,,88.5,88.5,023,NN,023,Tone->Tone,DV,5.00,,50W,Strzybnik,,,,
551,SR9OMP,431.337500,+,7.600000,Tone,77.0,77.0,023,NN,023,Tone->Tone,FM,5.00,,50W,Cieszyn,,,,
552,SR9P,145.662500,-,0.600000,,88.5,103.5,023,NN,023,Tone->Tone,FM,5.00,,50W,"Gora Koskowa POLKOMTEL",,,,
553,SR9PC,438.850000,-,7.600000,,88.5,103.5,023,NN,023,Tone->Tone,FM,5.00,,50W,"Gora Koskowa POLKOMTEL",,,,
554,SR9PJD,431.800000,+,7.600000,,88.5,88.5,023,NN,023,Tone->Tone,FM,5.00,,50W,Gliwice,,,,
555,SR9POL,50.530000,,0.000000,,88.5,88.5,023,NN,023,Tone->Tone,DV,5.00,,50W,"Mordarka - Lysa Gora (k. Limanowej)",,,,
556,SR9PS,439.250000,-,7.600000,Tone,67.0,67.0,023,NN,023,Tone->Tone,FM,5.00,,50W,Pszow,,,,
557,SR9RAC,439.575000,-,7.600000,Tone,67.0,67.0,023,NN,023,Tone->Tone,FM,5.00,,50W,Strzybniczek,,,,
558,SR9RC,438.675000,-,7.600000,Tone,67.0,67.0,023,NN,023,Tone->Tone,DV,5.00,,50W,Pogrzebien,,,,
559,SR9RR,439.100000,-,7.600000,Tone,107.2,107.2,023,NN,023,Tone->Tone,FM,5.00,,50W,,,,,
560,SR9RSR,438.337500,-,7.600000,,88.5,88.5,023,NN,023,Tone->Tone,DV,5.00,,50W,Rybnik,,,,
561,SR9RT,145.637500,-,0.600000,Tone,103.5,103.5,023,NN,023,Tone->Tone,FM,5.00,,50W,"Mordarka - Lysa Gora 781 m n.p.m. (k. Limanowej)",,,,
562,SR9RT,438.637500,-,7.600000,Tone,103.5,103.5,023,NN,023,Tone->Tone,FM,5.00,,50W,"Mordarka - Lysa Gora 781 m n.p.m. k. Limanowej",,,,
563,SR9RT,51.990000,-,0.600000,Tone,103.5,103.5,023,NN,023,Tone->Tone,FM,5.00,,50W,"Mordarka - Lysa Gora 781 m n.p.m. k. Limanowej",,,,
564,SR9RT,29.660000,-,0.100000,Tone,103.5,103.5,023,NN,023,Tone->Tone,FM,5.00,,50W,"Mordarka - Lysa Gora 781 m n.p.m. k. Limanowej",,,,
565,SR9S,145.775000,-,0.600000,Tone,67.0,67.0,023,NN,023,Tone->Tone,FM,5.00,,50W,Wola,,,,
566,SR9S,439.412500,-,7.600000,Tone,67.0,67.0,023,NN,023,Tone->Tone,FM,5.00,,50W,Wola,,,,
567,SR9SA,439.450000,-,7.600000,Tone,67.0,67.0,023,NN,023,Tone->Tone,FM,5.00,,50W,"Gora Szyndzielnia Bielsko-Biala",,,,
568,SR9SC,438.962500,-,7.600000,,88.5,67.0,023,NN,023,Tone->Tone,FM,5.00,,50W,Cieszyn,,,,
569,SR9SE,439.200000,-,7.600000,,88.5,71.9,023,NN,023,Tone->Tone,FM,5.00,,50W,Bedzin,,,,
570,SR9SIM,145.337500,,0.000000,Tone,79.7,79.7,023,NN,023,Tone->Tone,DV,5.00,,50W,Sosnowiec,,,,
571,SR9SIM,439.037500,-,7.600000,,88.5,88.5,023,NN,023,Tone->Tone,DV,5.00,,50W,Sosnowiec,,,,
572,SR9SK,439.375000,-,7.600000,Tone,67.0,67.0,023,NN,023,Tone->Tone,FM,5.00,,50W,Skrzyczne,,,,
573,SR9SR,438.487500,-,7.600000,,88.5,88.5,023,NN,023,Tone->Tone,DV,5.00,,50W,Rybnik,,,,
574,SR9SS,439.100000,-,7.600000,Tone,71.9,71.9,023,NN,023,Tone->Tone,FM,5.00,,50W,"Siemianowice Slaskie",,,,
575,SR9SZ,439.150000,-,7.600000,,88.5,88.5,023,NN,023,Tone->Tone,DV,5.00,,50W,"Siemianowice Slaskie",,,,
576,SR9TB,438.775000,-,7.600000,Tone,103.5,103.5,023,NN,023,Tone->Tone,FM,5.00,,50W,"Gora Wal - Tarnow",,,,
577,SR9TG,145.612500,-,0.600000,Tone,71.9,71.9,023,NN,023,Tone->Tone,FM,5.00,,50W,"Tarnowskie Gory",,,,
578,SR9TM,438.512500,-,7.600000,Tone,103.5,103.5,023,NN,023,Tone->Tone,FM,5.00,,50W,"Pcim - Kudlacze",,,,
579,SR9TR,439.175000,-,7.600000,,88.5,88.5,023,NN,023,Tone->Tone,DV,5.00,,50W,Tarnow,,,,
580,SR9TRZ,438.575000,-,7.600000,,88.5,88.5,023,NN,023,Tone->Tone,DV,5.00,,50W,Trzebinia,,,,
581,SR9UCZ,439.087500,-,7.600000,,88.5,88.5,023,NN,023,Tone->Tone,DV,5.00,,50W,Czestochowa,,,,
582,SR9UPZ,438.587500,-,7.600000,,88.5,88.5,023,NN,023,Tone->Tone,DV,5.00,,50W,Kleczany,,,,
583,SR9US,438.125000,-,7.600000,,88.5,88.5,023,NN,023,Tone->Tone,DV,5.00,,50W,"Ustron Gora Czantoria",,,,
584,SR9UV,439.337500,-,7.600000,,88.5,88.5,023,NN,023,Tone->Tone,DV,5.00,,50W,Wlodowice,,,,
585,SR9UVC,438.625000,-,7.600000,,88.5,88.5,023,NN,023,Tone->Tone,DV,5.00,,50W,Krakow,,,,
586,SR9UVJ,439.500000,-,7.600000,,88.5,88.5,023,NN,023,Tone->Tone,DV,5.00,,50W,"Jaworzyna Krynicka",,,,
587,SR9UVJ,439.500000,-,7.600000,,88.5,88.5,023,NN,023,Tone->Tone,DV,5.00,,50W,"Jaworzyna krynicka",,,,
588,SR9UVJ-B,439.500000,-,7.600000,,88.5,88.5,023,NN,023,Tone->Tone,DV,5.00,,50W,"Krynica Zdroj - Jaworzyna (gorna stacja kolejki gondolowej)",,,,
589,SR9DJC,145.787500,-,0.600000,,88.5,88.5,023,NN,023,Tone->Tone,DV,5.00,,50W,"Jaworzyna Krynicka",,,,
590,SR9UVL,438.362500,-,7.600000,,88.5,88.5,023,NN,023,Tone->Tone,DV,5.00,,50W,"Lubon Wlk.",,,,
591,SR9UVM,439.400000,-,7.600000,,88.5,88.5,023,NN,023,Tone->Tone,DV,5.00,,50W,"Krakow - RTCN Choragwica EMITEL",,,,
592,SR9UVO,439.325000,-,7.600000,,88.5,88.5,023,NN,023,Tone->Tone,DV,5.00,,50W,Kochanow,,,,
593,SR9UVP,439.362500,-,7.600000,,88.5,88.5,023,NN,023,Tone->Tone,DV,5.00,,50W,"Gora Koskowa POLKOMTEL",,,,
594,SR9UVR,439.300000,-,7.600000,,88.5,94.8,023,NN,023,Tone->Tone,FM,5.00,,50W,"Gliczarow Gorny Maszt OSP",,,,
595,SR9UVT,439.237500,-,7.600000,,88.5,88.5,023,NN,023,Tone->Tone,DV,5.00,,50W,"Gora Koskowa POLKOMTEL",,,,
596,SR9UVU,439.162500,-,7.600000,,88.5,88.5,023,NN,023,Tone->Tone,DV,5.00,,50W,Skrzyczne,,,,
597,SR9UVZ,439.200000,-,7.600000,,88.5,88.5,023,NN,023,Tone->Tone,DV,5.00,,50W,"Gliczarow Gorny Maszt OSP",,,,
598,SR9UW,439.050000,-,7.600000,,88.5,88.5,023,NN,023,Tone->Tone,DV,5.00,,50W,Katowice,,,,
599,SR9VDM,438.200000,-,7.600000,,88.5,88.5,023,NN,023,Tone->Tone,DV,5.00,,50W,Lichwin,,,,
600,SR9VJK,438.312500,-,7.600000,,88.5,88.5,023,NN,023,Tone->Tone,DV,5.00,,50W,"Jaworzyna Krynicka",,,,
601,SR9VJP,438.587500,-,7.600000,,88.5,88.5,023,NN,023,Tone->Tone,DV,5.00,,50W,MUSZYNA,,,,
602,SR9VO,439.075000,-,7.600000,Tone,103.5,103.5,023,NN,023,Tone->Tone,FM,5.00,,50W,Tarnow,,,,
603,SR9VRJ,438.712500,-,7.600000,,88.5,88.5,023,NN,023,Tone->Tone,DV,5.00,,50W,"Obiekt Emitel RTON Gubalowka",,,,
604,SR9VVO,439.437500,-,7.600000,,88.5,88.5,023,NN,023,Tone->Tone,DV,5.00,,50W,Lichwin,,,,
605,SR9W,145.600000,-,0.600000,Tone,103.5,103.5,023,NN,023,Tone->Tone,FM,5.00,,50W,"Makowica - Kamionna",,,,
606,SR9X,145.700000,-,0.600000,Tone,94.8,94.8,023,NN,023,Tone->Tone,FM,5.00,,50W,"Obiekt Emitel RTON Gubalowka",,,,
607,SR9Z,145.737500,-,0.600000,Tone,107.2,107.2,023,NN,023,Tone->Tone,FM,5.00,,50W,"Przehyba EMITEL",,,,
608,SR9ZAC,145.287500,,0.000000,Tone,107.2,88.5,023,NN,023,Tone->Tone,DV,5.00,,50W,"Koscielisko (Podhale)",,,,
609,SR9ZAR,439.537500,-,7.600000,Tone,67.0,67.0,023,NN,023,Tone->Tone,FM,5.00,,50W,"Gora Zar",,,,
610,SR9ZHP,145.287500,,0.000000,Tone,127.3,127.3,023,NN,023,Tone->Tone,FM,5.00,,50W,Bedzin,,,,
